song_id,valence,arousal,label
p1,0.575,0.4,relax
p4,0.2875,0.2625,sad
p5,0.2,0.15,sad
p6,0.35,0.5125,angry
p7,0.725,0.7,happy
p8,0.225,0.3875,sad
p9,0.2875,0.45,sad
p10,0.425,0.4375,sad
p12,0.575,0.6875,happy
p13,0.5875,0.825,happy
p14,0.575,0.5625,happy
p15,0.6625,0.6125,happy
p16,0.575,0.5375,happy
p17,0.675,0.825,happy
p18,0.8375,0.8,happy
p19,0.75,0.7625,happy
p20,0.6375,0.55,happy
p21,0.775,0.8625,happy
p23,0.675,0.625,happy
p25,0.7840909090000001,0.7613636359999999,happy
p26,0.7625,0.825,happy
p28,0.575,0.4875,relax
p29,0.675,0.7,happy
p30,0.5375,0.6125,happy
p31,0.4375,0.625,angry
p32,0.3875,0.575,angry
p33,0.75,0.6375,happy
p34,0.8375,0.6875,happy
p35,0.625,0.3375,relax
p37,0.75,0.8,happy
p38,0.8375,0.8875,happy
p39,0.590909091,0.875,happy
p40,0.6625,0.375,relax
p42,0.6,0.7625,happy
p43,0.7875,0.8625,happy
p44,0.675,0.6875,happy
p46,0.575,0.8375,happy
p47,0.4625,0.4,sad
p48,0.8375,0.725,happy
p49,0.7125,0.7875,happy
p50,0.5875,0.8375,happy
p51,0.7625,0.825,happy
p52,0.4625,0.5875,angry
p54,0.775,0.875,happy
p55,0.4,0.625,angry
p56,0.275,0.4125,sad
p57,0.3625,0.525,angry
p58,0.25,0.2625,sad
p59,0.6,0.6,happy
p60,0.409090909,0.420454545,sad
p61,0.275,0.375,sad
p63,0.4625,0.375,sad
p65,0.75,0.5875,happy
p66,0.7625,0.8625,happy
p67,0.5875,0.8,happy
p68,0.575,0.65,happy
p69,0.775,0.7125,happy
p70,0.525,0.575,happy
p71,0.5875,0.7625,happy
p72,0.6875,0.75,happy
p73,0.6875,0.5375,happy
p74,0.775,0.8875,happy
p75,0.7375,0.9625,happy
p76,0.65,0.6375,happy
p78,0.659090909,0.5,happy
p79,0.625,0.925,happy
p80,0.7625,0.725,happy
p81,0.7,0.6125,happy
p83,0.725,0.775,happy
p84,0.8,0.5,happy
p86,0.725,0.7,happy
p87,0.6,0.6625,happy
p88,0.5875,0.625,happy
p89,0.75,0.6875,happy
p90,0.4875,0.65,angry
p91,0.7375,0.8625,happy
p92,0.575,0.65,happy
p93,0.65,0.6125,happy
p94,0.8,0.7625,happy
p96,0.825,0.875,happy
p97,0.75,0.85,happy
p98,0.65,0.7375,happy
p99,0.6875,0.6875,happy
p100,0.3,0.175,sad
p102,0.825,0.7375,happy
p103,0.775,0.5875,happy
p104,0.825,0.8375,happy
p105,0.3875,0.275,sad
p106,0.675,0.7,happy
p107,0.6125,0.6,happy
p108,0.8625,0.8625,happy
p109,0.7875,0.8,happy
p113,0.7125,0.75,happy
p114,0.7375,0.7375,happy
p115,0.8,0.8,happy
p116,0.7625,0.9,happy
p117,0.7,0.85,happy
p119,0.6625,0.4875,relax
p120,0.7625,0.7625,happy
p123,0.4875,0.3125,sad
p124,0.8375,0.9,happy
p126,0.7,0.7,happy
p127,0.825,0.8125,happy
p128,0.6,0.5125,happy
p132,0.7125,0.85,happy
p133,0.7375,0.775,happy
p134,0.7125,0.8,happy
p135,0.4,0.7375,angry
p136,0.525,0.625,happy
p137,0.7,0.7625,happy
p138,0.5875,0.6625,happy
p139,0.775,0.7125,happy
p140,0.65,0.5625,happy
p141,0.65,0.5375,happy
p142,0.625,0.6,happy
p143,0.625,0.5625,happy
p144,0.825,0.8625,happy
p145,0.75,0.7625,happy
p146,0.7375,0.6625,happy
p147,0.65,0.55,happy
p148,0.5,0.4,sad
p149,0.2625,0.3875,sad
p150,0.725,0.7375,happy
p151,0.6125,0.325,relax
p152,0.725,0.825,happy
p153,0.65,0.675,happy
p156,0.55,0.6625,happy
p157,0.681818182,0.534090909,happy
p158,0.7875,0.725,happy
p159,0.675,0.875,happy
p160,0.8125,0.825,happy
p161,0.7125,0.8625,happy
p162,0.7375,0.875,happy
p165,0.675,0.7375,happy
p166,0.575,0.625,happy
p167,0.775,0.8875,happy
p168,0.625,0.7125,happy
p169,0.6,0.675,happy
p170,0.6,0.3,relax
p171,0.8125,0.85,happy
p172,0.625,0.6375,happy
p174,0.534090909,0.477272727,relax
p175,0.45,0.475,sad
p176,0.65,0.7125,happy
p177,0.5375,0.55,happy
p179,0.3125,0.7375,angry
p180,0.6875,0.575,happy
p181,0.625,0.4875,relax
p184,0.6375,0.825,happy
p185,0.475,0.6625,angry
p186,0.7125,0.825,happy
p187,0.675,0.7,happy
p188,0.4,0.3125,sad
p189,0.6375,0.6875,happy
p191,0.825,0.7625,happy
p192,0.5375,0.9375,happy
p196,0.3625,0.4375,sad
p197,0.4375,0.3375,sad
p198,0.75,0.8636363640000001,happy
p199,0.6875,0.7875,happy
p200,0.5625,0.7,happy
p201,0.6875,0.625,happy
p202,0.7625,0.85,happy
p203,0.6875,0.775,happy
p204,0.5875,0.7375,happy
p207,0.7375,0.85,happy
p209,0.775,0.6875,happy
p210,0.725,0.8125,happy
p211,0.65,0.65,happy
p212,0.6,0.6625,happy
p213,0.3625,0.5625,angry
p215,0.5125,0.525,happy
p216,0.6625,0.65,happy
p217,0.575,0.6125,happy
p219,0.75,0.8375,happy
p220,0.675,0.6875,happy
p221,0.7,0.8125,happy
p222,0.35,0.6625,angry
p224,0.5,0.5875,angry
p225,0.525,0.4125,relax
p227,0.425,0.475,sad
p228,0.425,0.55,angry
p229,0.4,0.45,sad
p230,0.7375,0.3625,relax
p231,0.55,0.5375,happy
p232,0.475,0.4125,sad
p233,0.4875,0.4,sad
p234,0.4375,0.3875,sad
p235,0.7,0.45,relax
p236,0.3,0.3125,sad
p237,0.3125,0.525,angry
p238,0.5625,0.6375,happy
p239,0.6875,0.625,happy
p241,0.5625,0.525,happy
p242,0.6125,0.625,happy
p244,0.4125,0.2875,sad
p249,0.45,0.5375,angry
p251,0.465909091,0.4318181820000001,sad
p252,0.3625,0.1375,sad
p253,0.525,0.6125,happy
p257,0.3125,0.4125,sad
p258,0.475,0.675,angry
p260,0.3,0.4625,sad
p263,0.35,0.4125,sad
p265,0.675,0.5125,happy
p267,0.35,0.275,sad
p269,0.6375,0.5875,happy
p273,0.3625,0.3375,sad
p275,0.4125,0.3375,sad
p276,0.5125,0.65,happy
p277,0.3875,0.2,sad
p279,0.4625,0.3625,sad
p280,0.525,0.325,relax
p282,0.525,0.5375,happy
p283,0.5375,0.575,happy
p284,0.4875,0.4625,sad
p285,0.525,0.5125,happy
p287,0.6875,0.5,happy
p292,0.8625,0.95,happy
p293,0.6375,0.6375,happy
p294,0.55,0.7,happy
p295,0.75,0.725,happy
p296,0.8,0.8125,happy
p297,0.7,0.675,happy
p298,0.7375,0.725,happy
p299,0.65,0.25,relax
p300,0.7625,0.55,happy
p301,0.7875,0.825,happy
p302,0.575,0.5,happy
p303,0.6125,0.7375,happy
p304,0.7375,0.9,happy
p305,0.75,0.9375,happy
p306,0.875,0.775,happy
p307,0.575,0.9,happy
p308,0.85,0.8125,happy
p309,0.3875,0.35,sad
p310,0.675,0.4,relax
p312,0.7875,0.8375,happy
p313,0.6625,0.5375,happy
p314,0.65,0.5625,happy
p315,0.65,0.85,happy
p316,0.8625,0.8875,happy
p317,0.8625,0.925,happy
p318,0.825,0.725,happy
p319,0.5,0.7375,angry
p321,0.4875,0.6875,angry
p323,0.725,0.8625,happy
p324,0.55,0.8875,happy
p325,0.6125,0.4875,relax
p326,0.7,0.6875,happy
p327,0.7375,0.7625,happy
p329,0.7875,0.9375,happy
p331,0.8,0.85,happy
p332,0.725,0.7625,happy
p333,0.775,0.7875,happy
p334,0.5625,0.625,happy
p336,0.725,0.75,happy
p337,0.8125,0.675,happy
p338,0.7125,0.825,happy
p339,0.7875,0.725,happy
p341,0.8,0.85,happy
p342,0.6875,0.75,happy
p343,0.55,0.65,happy
p347,0.3375,0.1875,sad
p348,0.3,0.4625,sad
p349,0.3375,0.275,sad
p350,0.375,0.2625,sad
p351,0.55,0.275,relax
p353,0.5875,0.525,happy
p354,0.5125,0.35,relax
p355,0.325,0.45,sad
p356,0.5625,0.475,relax
p358,0.6875,0.3875,relax
p360,0.55,0.5875,happy
p361,0.55,0.6125,happy
p362,0.4625,0.4,sad
p364,0.4,0.375,sad
p366,0.2875,0.2625,sad
p367,0.3125,0.6125,angry
p368,0.575,0.6,happy
p370,0.25,0.4,sad
p372,0.175,0.825,angry
p373,0.725,0.85,happy
p375,0.775,0.7375,happy
p376,0.6625,0.6,happy
p379,0.9125,0.9375,happy
p381,0.8,0.9375,happy
p382,0.8636363640000001,0.8863636359999999,happy
p383,0.4125,0.5,sad
p385,0.75,0.825,happy
p386,0.5875,0.5625,happy
p388,0.7125,0.575,happy
p389,0.3625,0.225,sad
p391,0.6,0.85,happy
p393,0.4625,0.5375,angry
p394,0.675,0.75,happy
p395,0.675,0.7125,happy
p396,0.7125,0.65,happy
p397,0.3375,0.45,sad
p398,0.4375,0.4375,sad
p399,0.45,0.6125,angry
p401,0.25,0.35,sad
p402,0.6875,0.85,happy
p403,0.8125,0.7625,happy
p405,0.7125,0.7375,happy
p407,0.5625,0.7875,happy
p408,0.6125,0.9125,happy
p409,0.6625,0.9125,happy
p410,0.45,0.7,angry
p411,0.6375,0.175,relax
p412,0.4375,0.5,sad
p413,0.675,0.575,happy
p414,0.545454545,0.579545455,happy
p415,0.522727273,0.477272727,relax
p417,0.775,0.8625,happy
p418,0.375,0.425,sad
p419,0.225,0.0875,sad
p420,0.55,0.775,happy
p421,0.725,0.85,happy
p423,0.65,0.8875,happy
p424,0.65,0.55,happy
p425,0.8125,0.95,happy
p426,0.7125,0.825,happy
p427,0.7,0.775,happy
p428,0.5625,0.4875,relax
p429,0.4,0.225,sad
p431,0.6375,0.525,happy
p432,0.4,0.375,sad
p433,0.5,0.3625,sad
p434,0.3875,0.5125,angry
p435,0.35,0.275,sad
p436,0.35,0.25,sad
p437,0.375,0.1875,sad
p438,0.325,0.3375,sad
p439,0.2625,0.225,sad
p440,0.2875,0.3,sad
p441,0.6875,0.675,happy
p442,0.6125,0.7125,happy
p443,0.675,0.7,happy
p444,0.7625,0.7375,happy
p445,0.4625,0.5875,angry
p446,0.4875,0.425,sad
p447,0.6,0.5875,happy
p448,0.7375,0.775,happy
p449,0.7375,0.7,happy
p450,0.7625,0.75,happy
p451,0.8375,0.9,happy
p452,0.7375,0.65,happy
p454,0.8125,0.8375,happy
p455,0.7375,0.875,happy
p456,0.525,0.7,happy
p457,0.7875,0.6625,happy
p458,0.7375,0.75,happy
p460,0.7,0.8,happy
p461,0.6375,0.375,relax
p462,0.65,0.4125,relax
p463,0.5625,0.3,relax
p465,0.425,0.3375,sad
p466,0.7375,0.65,happy
p468,0.7875,0.7625,happy
p469,0.7125,0.7125,happy
p470,0.85,0.7625,happy
p471,0.7875,0.875,happy
p472,0.6625,0.6125,happy
p476,0.8625,0.7,happy
p477,0.7125,0.575,happy
p478,0.675,0.65,happy
p479,0.3875,0.225,sad
p480,0.6375,0.7875,happy
p481,0.6125,0.6875,happy
p482,0.568181818,0.556818182,happy
p483,0.5125,0.575,happy
p484,0.625,0.675,happy
p485,0.7,0.7125,happy
p486,0.575,0.375,relax
p487,0.775,0.8,happy
p488,0.6,0.6625,happy
p489,0.795454545,0.909090909,happy
p490,0.6875,0.825,happy
p491,0.4375,0.575,angry
p492,0.7875,0.9,happy
p493,0.75,0.7375,happy
p494,0.4625,0.8,angry
p495,0.475,0.8375,angry
p496,0.5375,0.6625,happy
p499,0.825,0.8625,happy
p500,0.425,0.7,angry
p501,0.8125,0.8375,happy
p503,0.488636364,0.613636364,angry
p504,0.675,0.675,happy
p505,0.6125,0.65,happy
p506,0.375,0.275,sad
p507,0.6625,0.8,happy
p508,0.5375,0.3625,relax
p510,0.825,0.7125,happy
p511,0.7375,0.6875,happy
p512,0.425,0.3125,sad
p514,0.75,0.85,happy
p515,0.7875,0.6125,happy
p516,0.4625,0.4,sad
p517,0.425,0.2625,sad
p518,0.5125,0.425,relax
p519,0.2625,0.35,sad
p520,0.15,0.6625,angry
p521,0.375,0.5125,angry
p522,0.4625,0.5375,angry
p523,0.3375,0.3375,sad
p524,0.275,0.5125,angry
p525,0.275,0.2375,sad
p526,0.525,0.4625,relax
p530,0.340909091,0.295454545,sad
p531,0.3,0.225,sad
p532,0.3375,0.5375,angry
p534,0.2875,0.1625,sad
p535,0.7875,0.7625,happy
p536,0.825,0.7875,happy
p537,0.7125,0.7625,happy
p539,0.65,0.6125,happy
p540,0.3875,0.5125,angry
p541,0.35,0.275,sad
p542,0.6125,0.7125,happy
p544,0.625,0.45,relax
p546,0.575,0.7875,happy
p548,0.55,0.45,relax
p549,0.3125,0.4375,sad
p550,0.375,0.4375,sad
p551,0.375,0.2875,sad
p552,0.8125,0.85,happy
p554,0.65,0.6625,happy
p555,0.6875,0.7625,happy
p558,0.5125,0.55,happy
p560,0.5125,0.6625,happy
p561,0.8875,0.825,happy
p562,0.6875,0.7375,happy
p563,0.6875,0.7375,happy
p564,0.475,0.9,angry
p565,0.6375,0.725,happy
p566,0.725,0.775,happy
p567,0.825,0.875,happy
p568,0.825,0.975,happy
p569,0.65,0.7,happy
p570,0.5375,0.7375,happy
p571,0.725,0.6625,happy
p572,0.525,0.7375,happy
p573,0.7625,0.7625,happy
p574,0.775,0.7875,happy
p575,0.7875,0.825,happy
p576,0.7125,0.7125,happy
p577,0.575,0.6375,happy
p578,0.625,0.4625,relax
p579,0.225,0.2625,sad
p580,0.7875,0.85,happy
p582,0.5,0.4125,sad
p583,0.5,0.5125,angry
p584,0.4625,0.375,sad
p585,0.4625,0.525,angry
p587,0.6,0.3875,relax
p588,0.775,0.7,happy
p589,0.4875,0.55,angry
p590,0.3625,0.4625,sad
p591,0.35,0.25,sad
p592,0.4125,0.4125,sad
p594,0.4375,0.5125,angry
p595,0.4,0.3875,sad
p597,0.7,0.8,happy
p598,0.8125,0.85,happy
p599,0.55,0.55,happy
p600,0.65,0.4125,relax
p601,0.7,0.6875,happy
p602,0.5375,0.6125,happy
p603,0.7125,0.8125,happy
p605,0.875,0.9375,happy
p606,0.8,0.875,happy
p607,0.6375,0.7125,happy
p608,0.5625,0.6375,happy
p609,0.5125,0.4375,relax
p611,0.475,0.675,angry
p612,0.375,0.4625,sad
p613,0.6875,0.5875,happy
p614,0.4875,0.2875,sad
p615,0.675,0.7375,happy
p616,0.7875,0.8625,happy
p617,0.8125,0.8875,happy
p621,0.55,0.3625,relax
p622,0.675,0.8125,happy
p623,0.775,0.85,happy
p624,0.55,0.575,happy
p625,0.65,0.75,happy
p626,0.775,0.9375,happy
p627,0.675,0.6125,happy
p628,0.625,0.6125,happy
p629,0.5625,0.7125,happy
p630,0.775,0.65,happy
p631,0.5625,0.55,happy
p632,0.6875,0.8625,happy
p634,0.2375,0.225,sad
p635,0.825,0.6375,happy
p636,0.75,0.7625,happy
p637,0.65,0.775,happy
p638,0.775,0.775,happy
p639,0.6875,0.775,happy
p643,0.5875,0.55,happy
p644,0.7625,0.7375,happy
p645,0.6125,0.6,happy
p646,0.7875,0.8625,happy
p647,0.6125,0.5625,happy
p648,0.7,0.6875,happy
p649,0.3125,0.4375,sad
p650,0.5375,0.6375,happy
p651,0.775,0.825,happy
p652,0.675,0.55,happy
p653,0.6625,0.575,happy
p654,0.875,0.8875,happy
p656,0.4125,0.4875,sad
p657,0.5125,0.6,happy
p659,0.375,0.3875,sad
p660,0.825,0.8375,happy
p661,0.55,0.6375,happy
p662,0.525,0.675,happy
p665,0.75,0.75,happy
p666,0.7,0.675,happy
p668,0.65,0.725,happy
p670,0.425,0.35,sad
p671,0.4125,0.675,angry
p672,0.4625,0.55,angry
p673,0.2,0.5125,angry
p674,0.25,0.3875,sad
p675,0.3,0.3125,sad
p676,0.475,0.55,angry
p677,0.3625,0.5625,angry
p678,0.8625,0.7875,happy
p679,0.6,0.7,happy
p681,0.7,0.8,happy
p682,0.6125,0.775,happy
p683,0.7375,0.2375,relax
p684,0.45,0.375,sad
p685,0.7375,0.625,happy
p686,0.725,0.6,happy
p688,0.4625,0.4625,sad
p689,0.35,0.425,sad
p692,0.5125,0.5,happy
p693,0.4,0.6,angry
p694,0.3375,0.3875,sad
p697,0.4875,0.7,angry
p698,0.2625,0.3625,sad
p699,0.775,0.7125,happy
p700,0.475,0.35,sad
p703,0.545454545,0.545454545,happy
p704,0.7,0.625,happy
p705,0.4375,0.1875,sad
p706,0.6125,0.4,relax
p707,0.3,0.3125,sad
p708,0.5875,0.6625,happy
p710,0.775,0.7875,happy
p711,0.675,0.525,happy
p713,0.7375,0.6875,happy
p715,0.525,0.325,relax
p716,0.525,0.5,happy
p717,0.6875,0.5375,happy
p718,0.5875,0.5125,happy
p719,0.5625,0.525,happy
p720,0.6375,0.7375,happy
p722,0.65,0.575,happy
p726,0.7125,0.7375,happy
p727,0.475,0.55,angry
p728,0.275,0.4375,sad
p729,0.4,0.525,angry
p730,0.575,0.55,happy
p731,0.7,0.6875,happy
p732,0.6125,0.6375,happy
p733,0.6,0.5,happy
p734,0.825,0.8375,happy
p736,0.4125,0.4875,sad
p738,0.7125,0.5875,happy
p739,0.6875,0.6875,happy
p740,0.75,0.795454545,happy
p741,0.425,0.475,sad
p742,0.725,0.725,happy
p743,0.725,0.85,happy
p744,0.725,0.8125,happy
p745,0.6125,0.75,happy
p746,0.7875,0.6625,happy
p747,0.775,0.8,happy
p748,0.4625,0.3625,sad
p749,0.4875,0.525,angry
p750,0.2625,0.4,sad
p751,0.525,0.5875,happy
p752,0.7875,0.8375,happy
p753,0.625,0.7625,happy
p754,0.8,0.65,happy
p755,0.625,0.5125,happy
p757,0.375,0.6625,angry
p758,0.625,0.8375,happy
p759,0.8375,0.7375,happy
p760,0.7375,0.7875,happy
p761,0.7875,0.775,happy
p763,0.55,0.3875,relax
p765,0.7625,0.8,happy
p767,0.5125,0.475,relax
p769,0.475,0.525,angry
p770,0.6125,0.5625,happy
p771,0.5625,0.425,relax
p772,0.6125,0.8375,happy
p773,0.65,0.75,happy
p774,0.75,0.6375,happy
p775,0.475,0.3375,sad
p776,0.5125,0.6375,happy
p777,0.475,0.525,angry
p778,0.8125,0.9125,happy
p779,0.4125,0.75,angry
p780,0.4375,0.5125,angry
p783,0.45,0.475,sad
p784,0.35,0.45,sad
p786,0.45,0.725,angry
p788,0.525,0.6125,happy
p789,0.125,0.35,sad
p790,0.725,0.6875,happy
p791,0.7125,0.7875,happy
p792,0.625,0.85,happy
p793,0.6375,0.7125,happy
p794,0.575,0.575,happy
p796,0.375,0.6,angry
p797,0.775,0.6375,happy
p798,0.6,0.7375,happy
p799,0.5375,0.7625,happy
p801,0.2875,0.3375,sad
p803,0.75,0.6875,happy
p804,0.65,0.675,happy
p806,0.725,0.6125,happy
p807,0.3625,0.3375,sad
p808,0.25,0.325,sad
p809,0.65,0.1875,relax
p810,0.65,0.4125,relax
p812,0.6875,0.8,happy
p813,0.675,0.675,happy
p814,0.7375,0.7125,happy
p815,0.3125,0.2875,sad
p816,0.425,0.3,sad
p818,0.1375,0.275,sad
p820,0.6,0.6625,happy
p821,0.75,0.7875,happy
p823,0.6625,0.675,happy
p824,0.825,0.8625,happy
p825,0.8375,0.5375,happy
p827,0.825,0.6,happy
p828,0.6,0.65,happy
p829,0.8125,0.8,happy
p830,0.6,0.775,happy
p831,0.9125,0.8375,happy
p832,0.625,0.85,happy
p833,0.7,0.8,happy
p834,0.8125,0.8875,happy
p835,0.6125,0.6625,happy
p836,0.7875,0.8875,happy
p837,0.725,0.7375,happy
p839,0.625,0.75,happy
p842,0.35,0.6,angry
p844,0.75,0.7875,happy
p846,0.5375,0.925,happy
p847,0.7625,0.5125,happy
p848,0.5125,0.7125,happy
p850,0.6125,0.775,happy
p851,0.4125,0.4625,sad
p852,0.45,0.4875,sad
p853,0.625,0.65,happy
p854,0.7875,0.8375,happy
p855,0.775,0.875,happy
p857,0.2125,0.675,angry
p858,0.6125,0.625,happy
p859,0.725,0.5875,happy
p860,0.6375,0.675,happy
p861,0.7625,0.7625,happy
p862,0.85,0.8875,happy
p863,0.625,0.575,happy
p864,0.409090909,0.488636364,sad
p865,0.7875,0.8875,happy
p868,0.625,0.7,happy
p869,0.5125,0.45,relax
p870,0.5625,0.65,happy
p871,0.65,0.75,happy
p876,0.775,0.775,happy
p879,0.6375,0.4875,relax
p880,0.5375,0.675,happy
p881,0.6,0.5875,happy
p882,0.6,0.85,happy
p883,0.725,0.8625,happy
p884,0.7625,0.7125,happy
p885,0.4875,0.425,sad
p886,0.725,0.525,happy
p888,0.675,0.675,happy
p889,0.75,0.8375,happy
p890,0.7875,0.7875,happy
p892,0.65,0.6625,happy
p894,0.375,0.375,sad
p895,0.5125,0.6375,happy
p896,0.636363636,0.7613636359999999,happy
p897,0.5625,0.3875,relax
p900,0.5375,0.65,happy
p903,0.6,0.7625,happy
p904,0.5625,0.7,happy
p905,0.575,0.475,relax
p906,0.4375,0.325,sad
p907,0.5625,0.5,happy
p908,0.6625,0.75,happy
p909,0.6625,0.825,happy
p911,0.3875,0.525,angry
p913,0.275,0.35,sad
p915,0.575,0.6875,happy
p916,0.3375,0.2125,sad
p917,0.6625,0.7375,happy
p918,0.6375,0.4,relax
p919,0.7375,0.6,happy
p921,0.5625,0.475,relax
p922,0.7375,0.7625,happy
p924,0.65,0.6125,happy
p925,0.6125,0.5875,happy
p926,0.4875,0.25,sad
p927,0.65,0.5625,happy
p928,0.825,0.8375,happy
p929,0.3375,0.6,angry
p931,0.5,0.4375,sad
p932,0.6625,0.7,happy
p933,0.7375,0.8125,happy
p934,0.3875,0.4875,sad
p935,0.386363636,0.511363636,angry
p936,0.45,0.4125,sad
p937,0.5875,0.6,happy
p938,0.75,0.725,happy
p939,0.6625,0.725,happy
p940,0.5,0.625,angry
p941,0.3,0.125,sad
p943,0.4875,0.625,angry
p945,0.575,0.675,happy
p946,0.4,0.425,sad
p948,0.4,0.4875,sad
p950,0.6875,0.7,happy
p951,0.75,0.625,happy
p952,0.4875,0.525,angry
p953,0.55,0.3375,relax
p957,0.3375,0.525,angry
p958,0.8625,0.825,happy
p959,0.45,0.8,angry
p962,0.2,0.6375,angry
p964,0.6,0.5375,happy
p965,0.5375,0.5,happy
p966,0.45,0.575,angry
p967,0.5125,0.675,happy
p968,0.4,0.4875,sad
p969,0.175,0.5125,angry
p970,0.4875,0.7,angry
p971,0.55,0.5875,happy
p973,0.6,0.575,happy
p974,0.5875,0.625,happy
p978,0.725,0.6875,happy
p979,0.5125,0.3625,relax
p980,0.725,0.6375,happy
p981,0.6,0.8,happy
p983,0.5,0.775,angry
p984,0.7375,0.825,happy
p985,0.7,0.75,happy
p989,0.3125,0.575,angry
p992,0.3625,0.4625,sad
p993,0.7625,0.8625,happy
p996,0.5625,0.875,happy
p997,0.6625,0.7125,happy
p999,0.775,0.875,happy
p1000,0.575,0.6625,happy
d2,0.2625,0.25,sad
d3,0.3125,0.2875,sad
d4,0.5875,0.5625,happy
d5,0.425,0.5375,angry
d7,0.6,0.675,happy
d8,0.275,0.475,sad
d10,0.375,0.4625,sad
d12,0.5625,0.6,happy
d13,0.275,0.375,sad
d17,0.425,0.625,angry
d18,0.475,0.3625,sad
d19,0.6125,0.4125,relax
d20,0.55,0.6875,happy
d21,0.7,0.6625,happy
d22,0.375,0.475,sad
d24,0.5375,0.3625,relax
d25,0.8625,0.4625,relax
d31,0.4625,0.35,sad
d32,0.4,0.2875,sad
d35,0.475,0.6875,angry
d37,0.7,0.5375,happy
d39,0.7875,0.55,happy
d40,0.45,0.475,sad
d41,0.4125,0.5125,angry
d42,0.6375,0.5125,happy
d43,0.7125,0.3125,relax
d44,0.3625,0.4875,sad
d45,0.5125,0.1375,relax
d46,0.5375,0.375,relax
d47,0.425,0.425,sad
d48,0.4375,0.475,sad
d49,0.3625,0.5375,angry
d50,0.325,0.475,sad
d51,0.325,0.275,sad
d52,0.45,0.5125,angry
d53,0.4125,0.5125,angry
d54,0.2625,0.2875,sad
d55,0.6,0.55,happy
d56,0.675,0.6,happy
d58,0.2875,0.3,sad
d59,0.5375,0.3875,relax
d60,0.4125,0.675,angry
d62,0.65,0.3625,relax
d64,0.325,0.4875,sad
d65,0.675,0.6,happy
d67,0.775,0.725,happy
d68,0.35,0.4875,sad
d69,0.275,0.3625,sad
d70,0.425,0.325,sad
d71,0.6125,0.3375,relax
d72,0.7125,0.575,happy
d73,0.6,0.575,happy
d74,0.25,0.4125,sad
d76,0.4125,0.275,sad
d77,0.4,0.2375,sad
d78,0.3,0.3625,sad
d79,0.5625,0.5625,happy
d80,0.625,0.5125,happy
d81,0.6375,0.3625,relax
d82,0.2375,0.3125,sad
d83,0.6375,0.6,happy
d84,0.6125,0.575,happy
d85,0.7625,0.65,happy
d86,0.55,0.575,happy
d87,0.5375,0.2,relax
d88,0.7125,0.5625,happy
d89,0.4375,0.475,sad
d90,0.4125,0.4,sad
d91,0.4375,0.5625,angry
d92,0.6,0.4625,relax
d93,0.775,0.625,happy
d95,0.2875,0.45,sad
d96,0.725,0.7375,happy
d98,0.4125,0.2125,sad
d99,0.4125,0.3875,sad
d101,0.3,0.225,sad
d102,0.6875,0.55,happy
d103,0.575,0.2875,relax
d104,0.6375,0.2875,relax
d105,0.6875,0.5,happy
d106,0.45,0.2875,sad
d107,0.625,0.475,relax
d108,0.4375,0.4,sad
d109,0.425,0.4375,sad
d110,0.425,0.225,sad
d111,0.5375,0.5375,happy
d112,0.725,0.675,happy
d113,0.55,0.35,relax
d114,0.475,0.5875,angry
d115,0.925,0.85,happy
d116,0.425,0.3625,sad
d117,0.3625,0.5,sad
d118,0.4875,0.45,sad
d119,0.4125,0.275,sad
d120,0.35,0.5,sad
d121,0.2625,0.3625,sad
d122,0.5625,0.45,relax
d123,0.6375,0.65,happy
d124,0.3375,0.225,sad
d125,0.4375,0.4,sad
d126,0.5125,0.6375,happy
d127,0.25,0.5375,angry
d128,0.325,0.375,sad
d129,0.4,0.625,angry
d130,0.2875,0.4,sad
d131,0.6375,0.4875,relax
d133,0.225,0.15,sad
d134,0.55,0.625,happy
d135,0.3375,0.3125,sad
d136,0.725,0.65,happy
d137,0.4125,0.6,angry
d138,0.35,0.175,sad
d140,0.4,0.4375,sad
d142,0.45,0.475,sad
d143,0.375,0.4875,sad
d144,0.3,0.4625,sad
d145,0.2625,0.55,angry
d146,0.175,0.3125,sad
d148,0.4625,0.5,sad
d149,0.3,0.2625,sad
d150,0.5,0.55,angry
d151,0.375,0.4375,sad
d152,0.425,0.575,angry
d153,0.3625,0.4375,sad
d154,0.4,0.3875,sad
d155,0.325,0.55,angry
d156,0.675,0.7125,happy
d157,0.375,0.65,angry
d158,0.1375,0.325,sad
d159,0.35,0.2625,sad
d160,0.3125,0.3125,sad
d161,0.6625,0.3125,relax
d162,0.3375,0.45,sad
d163,0.325,0.4375,sad
d164,0.3875,0.2375,sad
d166,0.2625,0.4,sad
d167,0.2125,0.2875,sad
d168,0.2875,0.3,sad
d169,0.175,0.225,sad
d170,0.25,0.5,sad
d171,0.1375,0.325,sad
d172,0.35,0.5,sad
d173,0.45,0.15,sad
d174,0.375,0.35,sad
d175,0.3375,0.4125,sad
d176,0.175,0.3625,sad
d177,0.475,0.575,angry
d178,0.225,0.3375,sad
d179,0.525,0.625,happy
d180,0.475,0.6125,angry
d181,0.3375,0.1875,sad
d182,0.15,0.3375,sad
d184,0.325,0.3,sad
d185,0.4875,0.45,sad
d186,0.3375,0.375,sad
d187,0.1875,0.3375,sad
d188,0.375,0.2875,sad
d189,0.6875,0.7625,happy
d190,0.225,0.2625,sad
d191,0.5125,0.6625,happy
d192,0.6,0.6375,happy
d193,0.3875,0.25,sad
d194,0.2125,0.4625,sad
d195,0.4,0.2125,sad
d196,0.4125,0.4375,sad
d197,0.15,0.225,sad
d198,0.1125,0.2875,sad
d199,0.5375,0.5875,happy
d201,0.3375,0.475,sad
d202,0.45,0.525,angry
d203,0.3125,0.475,sad
d204,0.325,0.15,sad
d205,0.25,0.4375,sad
d206,0.1625,0.2,sad
d207,0.475,0.475,sad
d208,0.475,0.6875,angry
d209,0.2625,0.45,sad
d210,0.4,0.5625,angry
d211,0.2625,0.4875,sad
d212,0.45,0.55,angry
d213,0.2,0.1875,sad
d214,0.325,0.3875,sad
d215,0.275,0.2,sad
d216,0.4375,0.5375,angry
d217,0.3125,0.475,sad
d218,0.2375,0.375,sad
d219,0.175,0.35,sad
d220,0.3875,0.3,sad
d221,0.4125,0.3,sad
d222,0.35,0.4125,sad
d223,0.15,0.3125,sad
d224,0.5625,0.5875,happy
d225,0.3375,0.4,sad
d226,0.4875,0.5,sad
d227,0.2625,0.3125,sad
d228,0.3125,0.375,sad
d229,0.475,0.475,sad
d231,0.3875,0.575,angry
d232,0.1875,0.2125,sad
d233,0.4625,0.4375,sad
d234,0.3125,0.3625,sad
d235,0.25,0.3375,sad
d236,0.1875,0.175,sad
d237,0.4,0.3625,sad
d238,0.25,0.45,sad
d239,0.1625,0.2875,sad
d240,0.675,0.7,happy
d241,0.3875,0.45,sad
d242,0.3125,0.4625,sad
d243,0.775,0.3875,relax
d244,0.4125,0.4,sad
d245,0.4,0.6375,angry
d246,0.4875,0.275,sad
d247,0.3625,0.4375,sad
d248,0.3,0.3375,sad
d250,0.3,0.325,sad
d253,0.7,0.1875,relax
d254,0.5375,0.8,happy
d257,0.825,0.7375,happy
d258,0.4125,0.4125,sad
d260,0.5375,0.325,relax
d262,0.575,0.7375,happy
d264,0.5375,0.5625,happy
d265,0.4375,0.675,angry
d266,0.325,0.475,sad
d269,0.4125,0.475,sad
d270,0.6375,0.7625,happy
d272,0.6125,0.675,happy
d273,0.55,0.775,happy
d274,0.8375,0.625,happy
d275,0.5375,0.5625,happy
d276,0.6375,0.5375,happy
d278,0.5625,0.5125,happy
d279,0.325,0.4625,sad
d280,0.4,0.2875,sad
d281,0.55,0.75,happy
d282,0.275,0.4,sad
d284,0.425,0.525,angry
d285,0.3125,0.5125,angry
d286,0.5875,0.7375,happy
d288,0.3125,0.525,angry
d289,0.5875,0.7125,happy
d290,0.1375,0.3625,sad
d292,0.7875,0.8,happy
d293,0.6625,0.4,relax
d294,0.5625,0.6875,happy
d296,0.6125,0.5875,happy
d297,0.2625,0.325,sad
d298,0.375,0.55,angry
d299,0.225,0.4125,sad
d300,0.725,0.4375,relax
d301,0.275,0.3375,sad
d302,0.7,0.75,happy
d303,0.75,0.675,happy
d304,0.35,0.45,sad
d305,0.675,0.725,happy
d306,0.5875,0.7125,happy
d307,0.6375,0.725,happy
d308,0.4125,0.7,angry
d309,0.5375,0.6,happy
d310,0.1375,0.2125,sad
d311,0.6,0.7375,happy
d312,0.45,0.6,angry
d313,0.325,0.5375,angry
d314,0.6,0.6125,happy
d315,0.675,0.8125,happy
d316,0.225,0.3125,sad
d317,0.6375,0.4125,relax
d318,0.6125,0.6125,happy
d319,0.4375,0.7,angry
d320,0.8,0.7,happy
d321,0.7875,0.625,happy
d322,0.6375,0.825,happy
d323,0.4775,0.59125,angry
d324,0.2875,0.4625,sad
d325,0.5625,0.55,happy
d326,0.55,0.775,happy
d327,0.625,0.7625,happy
d328,0.525,0.4,relax
d329,0.2875,0.4,sad
d330,0.6125,0.2625,relax
d332,0.5625,0.7375,happy
d333,0.7125,0.6375,happy
d334,0.6125,0.6125,happy
d335,0.725,0.725,happy
d336,0.6375,0.7,happy
d338,0.25,0.35,sad
d339,0.6125,0.7375,happy
d340,0.35,0.45,sad
d341,0.35,0.425,sad
d342,0.375,0.5125,angry
d343,0.75,0.8875,happy
d344,0.45,0.525,angry
d345,0.775,0.6875,happy
d346,0.7125,0.7875,happy
d347,0.3525,0.6025,angry
d348,0.5,0.5875,angry
d349,0.45,0.6,angry
d350,0.625,0.6875,happy
d352,0.5625,0.4375,relax
d353,0.375,0.475,sad
d354,0.7625,0.675,happy
d355,0.5125,0.6875,happy
d356,0.45,0.575,angry
d357,0.475,0.6875,angry
d358,0.575,0.4,relax
d359,0.1875,0.3375,sad
d360,0.1875,0.5625,angry
d361,0.19375,0.295,sad
d362,0.375,0.6125,angry
d364,0.5625,0.6875,happy
d365,0.625,0.7625,happy
d366,0.7375,0.6375,happy
d367,0.2625,0.2125,sad
d368,0.475,0.6375,angry
d369,0.2375,0.3,sad
d370,0.35,0.3,sad
d371,0.525,0.7,happy
d372,0.325,0.475,sad
d374,0.75,0.4875,relax
d375,0.1125,0.225,sad
d376,0.5,0.6125,angry
d378,0.5625,0.6125,happy
d379,0.1125,0.2375,sad
d380,0.575,0.475,relax
d381,0.625,0.7125,happy
d383,0.4,0.325,sad
d384,0.325,0.3875,sad
d386,0.5,0.5625,angry
d387,0.65,0.65,happy
d390,0.5875,0.65,happy
d391,0.5625,0.6375,happy
d392,0.3,0.475,sad
d393,0.625,0.675,happy
d395,0.7125,0.65,happy
d397,0.75,0.75,happy
d399,0.7125,0.75,happy
d400,0.5125,0.575,happy
d401,0.5625,0.675,happy
d402,0.7625,0.7625,happy
d403,0.5125,0.525,happy
d404,0.7375,0.725,happy
d405,0.6375,0.8,happy
d406,0.5375,0.4125,relax
d407,0.4125,0.4375,sad
d408,0.7,0.6375,happy
d410,0.35,0.5125,angry
d415,0.625,0.525,happy
d416,0.5625,0.525,happy
d419,0.2875,0.375,sad
d420,0.4375,0.55,angry
d422,0.225,0.3375,sad
d423,0.525,0.4375,relax
d425,0.7625,0.725,happy
d426,0.5375,0.5375,happy
d427,0.525,0.6,happy
d428,0.7,0.7,happy
d429,0.2875,0.4125,sad
d430,0.375,0.2375,sad
d431,0.6375,0.5625,happy
d432,0.5375,0.5375,happy
d435,0.4375,0.6125,angry
d436,0.4125,0.525,angry
d437,0.525,0.4125,relax
d440,0.5375,0.6625,happy
d441,0.45,0.5125,angry
d442,0.3875,0.4375,sad
d444,0.1625,0.1875,sad
d445,0.175,0.45,sad
d448,0.7125,0.6875,happy
d449,0.325,0.35,sad
d450,0.3875,0.5,sad
d451,0.4875,0.425,sad
d452,0.55625,0.71875,happy
d453,0.45,0.575,angry
d454,0.5,0.475,sad
d455,0.55,0.5875,happy
d456,0.6375,0.1625,relax
d458,0.3,0.5,sad
d459,0.6625,0.6375,happy
d460,0.35,0.35,sad
d461,0.475,0.425,sad
d462,0.6,0.45,relax
d463,0.5,0.5875,angry
d464,0.5125,0.575,happy
d466,0.7,0.6125,happy
d467,0.5875,0.725,happy
d468,0.325,0.3,sad
d469,0.5125,0.5375,happy
d472,0.6875,0.525,happy
d473,0.7625,0.5625,happy
d475,0.575,0.5,happy
d477,0.7625,0.775,happy
d478,0.225,0.275,sad
d479,0.4375,0.5875,angry
d480,0.2125,0.3875,sad
d481,0.3,0.4625,sad
d482,0.1125,0.3125,sad
d484,0.675,0.6875,happy
d485,0.2,0.3375,sad
d486,0.65,0.5875,happy
d487,0.4375,0.5375,angry
d488,0.075,0.3,sad
d489,0.45,0.525,angry
d490,0.3625,0.3375,sad
d492,0.425,0.475,sad
d493,0.3375,0.4875,sad
d494,0.3375,0.3875,sad
d496,0.4625,0.6125,angry
d497,0.65,0.5875,happy
d498,0.2375,0.225,sad
d499,0.325,0.325,sad
d500,0.625,0.525,happy
d501,0.1875,0.425,sad
d502,0.475,0.45,sad
d503,0.6,0.675,happy
d504,0.475,0.375,sad
d506,0.2375,0.3875,sad
d507,0.4875,0.475,sad
d512,0.5125,0.55,happy
d513,0.2625,0.4,sad
d514,0.4125,0.6,angry
d515,0.35,0.3,sad
d518,0.3875,0.3,sad
d519,0.725,0.5375,happy
d520,0.375,0.5625,angry
d521,0.35,0.45,sad
d522,0.3125,0.2125,sad
d523,0.5125,0.6125,happy
d524,0.2875,0.375,sad
d525,0.4125,0.475,sad
d527,0.375,0.5875,angry
d529,0.4625,0.6,angry
d530,0.2875,0.3125,sad
d535,0.6375,0.6875,happy
d536,0.5125,0.4375,relax
d537,0.5,0.2,sad
d540,0.3875,0.425,sad
d544,0.475,0.4375,sad
d547,0.3,0.475,sad
d550,0.4,0.6125,angry
d551,0.275,0.375,sad
d554,0.225,0.5,sad
d555,0.525,0.475,relax
d556,0.575,0.6375,happy
d558,0.225,0.275,sad
d560,0.2375,0.45,sad
d561,0.7375,0.75,happy
d564,0.4625,0.4875,sad
d565,0.2625,0.25,sad
d568,0.55,0.2625,relax
d574,0.4375,0.475,sad
d577,0.575,0.5625,happy
d579,0.2625,0.275,sad
d580,0.175,0.425,sad
d581,0.5375,0.625,happy
d582,0.2625,0.4875,sad
d584,0.1875,0.175,sad
d585,0.375,0.4,sad
d586,0.525,0.6125,happy
d591,0.5875,0.65,happy
d592,0.55625,0.51125,happy
d594,0.4,0.2625,sad
d597,0.475,0.675,angry
d598,0.375,0.575,angry
d600,0.3125,0.375,sad
d605,0.425,0.625,angry
d606,0.3875,0.575,angry
d607,0.425,0.6375,angry
d608,0.2375,0.35,sad
d609,0.5375,0.56875,happy
d610,0.6625,0.6875,happy
d611,0.5125,0.475,relax
d612,0.575,0.7,happy
d613,0.525,0.725,happy
d614,0.4125,0.3375,sad
d615,0.275,0.5,sad
d616,0.3125,0.5,sad
d617,0.6875,0.25,relax
d620,0.6,0.425,relax
d621,0.2375,0.425,sad
d622,0.4375,0.5,sad
d623,0.35,0.6125,angry
d625,0.2625,0.425,sad
d628,0.4875,0.725,angry
d629,0.8,0.825,happy
d631,0.825,0.2625,relax
d632,0.4,0.55,angry
d634,0.4625,0.6,angry
d635,0.7,0.825,happy
d637,0.15,0.325,sad
d638,0.275,0.425,sad
d639,0.6375,0.6625,happy
d640,0.825,0.85,happy
d643,0.3125,0.4,sad
d644,0.4125,0.575,angry
d645,0.45,0.5875,angry
d646,0.2625,0.35,sad
d647,0.25,0.6,angry
d648,0.5125,0.725,happy
d649,0.65,0.7125,happy
d650,0.625,0.4,relax
d651,0.675,0.7625,happy
d652,0.275,0.4125,sad
d653,0.5375,0.6875,happy
d654,0.5125,0.425,relax
d656,0.2,0.3875,sad
d657,0.5125,0.575,happy
d658,0.425,0.5875,angry
d660,0.1375,0.225,sad
d661,0.15,0.225,sad
d662,0.6125,0.5125,happy
d663,0.2875,0.4125,sad
d664,0.75,0.7,happy
d665,0.5875,0.65,happy
d666,0.5375,0.5,happy
d667,0.4,0.4875,sad
d668,0.5,0.5375,angry
d671,0.2625,0.3375,sad
d672,0.425,0.6625,angry
d673,0.7,0.7125,happy
d674,0.725,0.8,happy
d675,0.5125,0.6,happy
d676,0.7,0.7,happy
d677,0.6875,0.5375,happy
d681,0.4875,0.7,angry
d682,0.475,0.625,angry
d684,0.4125,0.4875,sad
d685,0.4375,0.325,sad
d686,0.3,0.5625,angry
d687,0.7875,0.8,happy
d688,0.4125,0.5,sad
d689,0.35,0.45,sad
d690,0.175,0.425,sad
d691,0.5,0.3375,sad
d692,0.7375,0.6375,happy
d693,0.65,0.5375,happy
d695,0.6125,0.65,happy
d696,0.5375,0.6,happy
d697,0.475,0.6,angry
d698,0.3625,0.3375,sad
d699,0.3375,0.4375,sad
d700,0.475,0.575,angry
d702,0.8125,0.2875,relax
d703,0.5125,0.625,happy
d704,0.3875,0.4,sad
d706,0.5625,0.625,happy
d707,0.275,0.2625,sad
d708,0.275,0.275,sad
d709,0.6,0.5,happy
d710,0.55,0.5125,happy
d711,0.2375,0.2625,sad
d712,0.3,0.5375,angry
d713,0.4875,0.6625,angry
d714,0.425,0.475,sad
d715,0.2375,0.4125,sad
d717,0.4375,0.4875,sad
d718,0.6125,0.6875,happy
d719,0.7625,0.775,happy
d721,0.5875,0.5625,happy
d722,0.5875,0.75,happy
d723,0.6875,0.775,happy
d724,0.625,0.6375,happy
d725,0.5125,0.5125,happy
d726,0.75,0.325,relax
d727,0.4125,0.4375,sad
d728,0.7375,0.8125,happy
d729,0.675,0.3125,relax
d730,0.3375,0.4375,sad
d731,0.7875,0.6,happy
d732,0.575,0.6625,happy
d733,0.4125,0.5,sad
d734,0.5875,0.6625,happy
d735,0.4125,0.4875,sad
d736,0.2125,0.3375,sad
d737,0.3875,0.4875,sad
d738,0.5625,0.65,happy
d739,0.65,0.7375,happy
d740,0.3375,0.375,sad
d741,0.45,0.425,sad
d742,0.6375,0.6875,happy
d743,0.2625,0.5,sad
d744,0.6375,0.5625,happy
d745,0.4,0.075,sad
d746,0.3375,0.45,sad
d747,0.325,0.4875,sad
d748,0.5125,0.425,relax
d749,0.4,0.4875,sad
d750,0.5375,0.5875,happy
d756,0.6125,0.725,happy
d757,0.625,0.6375,happy
d758,0.475,0.6125,angry
d759,0.7125,0.6125,happy
d763,0.3125,0.5625,angry
d764,0.6625,0.8125,happy
d767,0.525,0.6875,happy
d769,0.65,0.5,happy
d773,0.4375,0.4625,sad
d775,0.3375,0.425,sad
d776,0.3125,0.4375,sad
d777,0.65,0.5125,happy
d779,0.225,0.5375,angry
d780,0.6,0.65,happy
d781,0.4875,0.6625,angry
d782,0.775,0.4625,relax
d784,0.4625,0.5875,angry
d787,0.6375,0.6625,happy
d789,0.3625,0.525,angry
d790,0.775,0.55,happy
d791,0.2125,0.45,sad
d794,0.1875,0.4,sad
d795,0.15,0.3125,sad
d796,0.525,0.5125,happy
d797,0.4875,0.55,angry
d798,0.6875,0.6125,happy
d799,0.3875,0.575,angry
d800,0.4375,0.4375,sad
d801,0.2875,0.3125,sad
d804,0.7375,0.725,happy
d805,0.15,0.3125,sad
d806,0.675,0.7,happy
d807,0.475,0.6875,angry
d808,0.2625,0.4125,sad
d810,0.6875,0.7,happy
d811,0.3875,0.4875,sad
d813,0.65,0.7125,happy
d814,0.6375,0.5375,happy
d815,0.5625,0.6125,happy
d818,0.6125,0.725,happy
d819,0.375,0.5875,angry
d820,0.675,0.675,happy
d823,0.475,0.475,sad
d824,0.775,0.75,happy
d825,0.3875,0.5875,angry
d826,0.375,0.4625,sad
d829,0.1625,0.4375,sad
d830,0.5375,0.6125,happy
d831,0.525,0.65,happy
d833,0.5,0.6,angry
d834,0.4625,0.4125,sad
d836,0.7625,0.5875,happy
d839,0.5875,0.425,relax
d841,0.4,0.4625,sad
d844,0.35,0.3,sad
d845,0.5125,0.375,relax
d846,0.625,0.5625,happy
d848,0.15,0.2125,sad
d850,0.325,0.2625,sad
d851,0.5,0.425,sad
d852,0.4375,0.4625,sad
d854,0.2375,0.35,sad
d855,0.2375,0.4375,sad
d856,0.7125,0.575,happy
d857,0.4875,0.5375,angry
d858,0.425,0.4375,sad
d859,0.325,0.5125,angry
d860,0.7,0.7125,happy
d863,0.675,0.75,happy
d864,0.5875,0.6125,happy
d865,0.225,0.45,sad
d866,0.6,0.5125,happy
d867,0.6,0.6875,happy
d869,0.2,0.3875,sad
d871,0.675,0.625,happy
d872,0.3,0.5625,angry
d873,0.725,0.75,happy
d874,0.6625,0.425,relax
d876,0.6625,0.7125,happy
d879,0.575,0.625,happy
d880,0.4875,0.35,sad
d882,0.5375,0.525,happy
d884,0.5625,0.5,happy
d886,0.6125,0.55,happy
d887,0.5125,0.575,happy
d889,0.7375,0.775,happy
d890,0.325,0.4625,sad
d891,0.3,0.5625,angry
d892,0.3625,0.2375,sad
d893,0.7875,0.2875,relax
d897,0.4875,0.4125,sad
d898,0.675,0.5625,happy
d899,0.5375,0.6625,happy
d902,0.75,0.2875,relax
d903,0.6125,0.575,happy
d904,0.5875,0.4,relax
d908,0.5625,0.4875,relax
d909,0.625,0.5625,happy
d910,0.75,0.7,happy
d911,0.7625,0.375,relax
d913,0.475,0.2875,sad
d915,0.5,0.525,angry
d921,0.6125,0.6375,happy
d924,0.55,0.65,happy
d925,0.4875,0.5875,angry
d926,0.375,0.5625,angry
d928,0.5,0.375,sad
d931,0.6625,0.6875,happy
d932,0.4375,0.4875,sad
d934,0.65,0.675,happy
d936,0.55,0.4625,relax
d938,0.7875,0.4,relax
d939,0.65,0.2125,relax
d941,0.775,0.6125,happy
d942,0.475,0.3875,sad
d944,0.7625,0.6875,happy
d945,0.1625,0.225,sad
d949,0.5875,0.6375,happy
d952,0.4,0.3375,sad
d954,0.5125,0.5625,happy
d955,0.35,0.575,angry
d956,0.4375,0.55,angry
d957,0.225,0.4625,sad
d958,0.5625,0.5125,happy
d959,0.65,0.675,happy
d960,0.8375,0.8375,happy
d961,0.575,0.5625,happy
d962,0.8,0.3,relax
d964,0.825,0.75,happy
d967,0.225,0.425,sad
d968,0.35,0.275,sad
d970,0.7,0.7,happy
d973,0.6875,0.45,relax
d974,0.3875,0.4,sad
d976,0.65,0.6125,happy
d977,0.7875,0.3125,relax
d978,0.8375,0.6375,happy
d979,0.2625,0.5625,angry
d980,0.6,0.4125,relax
d981,0.7125,0.7,happy
d983,0.475,0.6625,angry
d985,0.3625,0.6375,angry
d986,0.6,0.4375,relax
d987,0.6625,0.325,relax
d988,0.55,0.6125,happy
d989,0.6625,0.675,happy
d990,0.625,0.6375,happy
d991,0.2625,0.3125,sad
d993,0.425,0.35,sad
d994,0.7,0.5375,happy
d995,0.4625,0.175,sad
d996,0.625,0.7125,happy
d997,0.675,0.7125,happy
d999,0.3875,0.6125,angry
d1000,0.725,0.575,happy
d1001,0.425,0.35,sad
d1002,0.4375,0.275,sad
d1003,0.5375,0.2875,relax
d1004,0.35,0.4625,sad
d1005,0.55,0.5125,happy
d1006,0.45,0.425,sad
d1007,0.525,0.55,happy
d1008,0.625,0.55,happy
d1009,0.3125,0.3375,sad
d1010,0.6875,0.6875,happy
d1011,0.4375,0.25,sad
d1012,0.4125,0.2375,sad
d1013,0.275,0.3125,sad
d1014,0.4875,0.4375,sad
d1015,0.6125,0.6625,happy
d1016,0.2875,0.1125,sad
d1017,0.3875,0.35,sad
d1018,0.3375,0.1875,sad
d1019,0.4125,0.225,sad
d1020,0.3,0.1875,sad
d1021,0.65,0.475,relax
d1022,0.2875,0.2875,sad
d1023,0.2375,0.1625,sad
d1024,0.275,0.2375,sad
d1025,0.5125,0.6375,happy
d1026,0.3375,0.225,sad
d1027,0.45,0.35,sad
d1028,0.4375,0.475,sad
d1029,0.3625,0.4375,sad
d1030,0.5875,0.525,happy
d1031,0.475,0.5,sad
d1032,0.2875,0.3875,sad
d1033,0.5375,0.575,happy
d1034,0.2875,0.225,sad
d1035,0.4125,0.4,sad
d1036,0.475,0.25,sad
d1037,0.5,0.425,sad
d1038,0.5,0.3875,sad
d1039,0.6625,0.45,relax
d1040,0.65,0.5375,happy
d1041,0.575,0.55,happy
d1042,0.5,0.4125,sad
d1043,0.4875,0.5,sad
d1044,0.7625,0.6375,happy
d1045,0.425,0.2625,sad
d1046,0.575,0.5,happy
d1047,0.5375,0.425,relax
d1048,0.5,0.7125,angry
d1049,0.5375,0.7125,happy
d1050,0.625,0.6,happy
d1051,0.525,0.5375,happy
d1052,0.5625,0.7,happy
d1053,0.4375,0.6625,angry
d1054,0.3375,0.6625,angry
d1055,0.3375,0.6625,angry
d1056,0.4,0.5,sad
d1057,0.4625,0.7625,angry
d1058,0.375,0.6,angry
d1059,0.4625,0.8125,angry
d1060,0.525,0.6375,happy
d1061,0.6875,0.65,happy
d1062,0.3875,0.4125,sad
d1063,0.525,0.675,happy
d1064,0.525,0.7625,happy
d1065,0.625,0.675,happy
d1066,0.6375,0.5625,happy
d1067,0.375,0.3,sad
d1068,0.6125,0.5375,happy
d1069,0.4125,0.575,angry
d1070,0.525,0.6,happy
d1071,0.6875,0.5375,happy
d1072,0.6625,0.5625,happy
d1073,0.525,0.35,relax
d1074,0.725,0.675,happy
d1075,0.675,0.7,happy
d1076,0.625,0.5,happy
d1077,0.675,0.475,relax
d1078,0.725,0.625,happy
d1079,0.7375,0.575,happy
d1080,0.625,0.5,happy
d1081,0.5,0.3125,sad
d1082,0.7125,0.675,happy
d1083,0.6375,0.7,happy
d1084,0.5125,0.3,relax
d1085,0.6375,0.525,happy
d1086,0.6125,0.4125,relax
d1087,0.625,0.675,happy
d1088,0.7875,0.7,happy
d1089,0.675,0.7,happy
d1090,0.575,0.7,happy
d1091,0.5875,0.6,happy
d1092,0.6,0.6625,happy
d1093,0.6,0.625,happy
d1094,0.675,0.6625,happy
d1095,0.65,0.65,happy
d1096,0.35,0.325,sad
d1097,0.5625,0.55,happy
d1098,0.725,0.6625,happy
d1099,0.5875,0.6125,happy
d1100,0.6625,0.575,happy
d1101,0.3375,0.175,sad
d1102,0.1625,0.4375,sad
d1103,0.325,0.3125,sad
d1104,0.4,0.425,sad
d1105,0.35,0.3375,sad
d1106,0.25,0.3625,sad
d1107,0.25,0.275,sad
d1108,0.475,0.3375,sad
d1109,0.4,0.175,sad
d1110,0.5125,0.55,happy
d1111,0.275,0.2375,sad
d1112,0.2625,0.1625,sad
d1113,0.3,0.25,sad
d1114,0.3,0.2875,sad
d1115,0.425,0.3625,sad
d1116,0.5875,0.25,relax
d1117,0.4,0.3,sad
d1118,0.375,0.1125,sad
d1119,0.3,0.1375,sad
d1120,0.3,0.225,sad
d1121,0.3625,0.1625,sad
d1122,0.725,0.55,happy
d1123,0.2625,0.2625,sad
d1124,0.55,0.5125,happy
d1125,0.4875,0.25,sad
d1126,0.3625,0.275,sad
d1127,0.3,0.25,sad
d1128,0.3375,0.2125,sad
d1129,0.3125,0.175,sad
d1130,0.35,0.2625,sad
d1131,0.4375,0.3,sad
d1132,0.45,0.3,sad
d1133,0.5,0.175,sad
d1134,0.3875,0.1375,sad
d1135,0.2625,0.2125,sad
d1136,0.4375,0.3,sad
d1137,0.4125,0.4,sad
d1138,0.425,0.3375,sad
d1139,0.5125,0.1875,relax
d1140,0.6125,0.55,happy
d1141,0.4375,0.325,sad
d1142,0.275,0.1375,sad
d1143,0.35,0.5125,angry
d1144,0.3375,0.45,sad
d1145,0.4625,0.175,sad
d1146,0.2,0.3,sad
d1147,0.45,0.325,sad
d1148,0.3,0.25,sad
d1149,0.375,0.2,sad
d1150,0.3875,0.1625,sad
d1151,0.5,0.575,angry
d1152,0.6375,0.575,happy
d1153,0.3625,0.1875,sad
d1154,0.3625,0.425,sad
d1155,0.4,0.4125,sad
d1156,0.75,0.575,happy
d1157,0.7375,0.6375,happy
d1158,0.65,0.65,happy
d1159,0.6,0.625,happy
d1160,0.675,0.55,happy
d1161,0.3875,0.1875,sad
d1162,0.325,0.35,sad
d1163,0.65,0.5375,happy
d1164,0.325,0.2625,sad
d1165,0.3125,0.225,sad
d1166,0.45,0.2875,sad
d1167,0.325,0.225,sad
d1168,0.425,0.2875,sad
d1169,0.3625,0.225,sad
d1170,0.2625,0.1375,sad
d1171,0.325,0.1125,sad
d1172,0.3625,0.1875,sad
d1173,0.4125,0.375,sad
d1174,0.325,0.2875,sad
d1175,0.3375,0.3,sad
d1176,0.4875,0.2125,sad
d1177,0.525,0.2875,relax
d1178,0.4875,0.4375,sad
d1179,0.3,0.3875,sad
d1180,0.2875,0.2,sad
d1181,0.3375,0.425,sad
d1182,0.2125,0.15,sad
d1183,0.3375,0.275,sad
d1184,0.4,0.1625,sad
d1185,0.65,0.475,relax
d1186,0.3375,0.1125,sad
d1187,0.425,0.3875,sad
d1188,0.4625,0.2875,sad
d1189,0.475,0.275,sad
d1190,0.3125,0.15,sad
d1191,0.425,0.2,sad
d1192,0.3375,0.2375,sad
d1193,0.425,0.3625,sad
d1194,0.3,0.1875,sad
d1195,0.4,0.375,sad
d1196,0.35,0.2125,sad
d1197,0.3625,0.225,sad
d1198,0.3125,0.1,sad
d1199,0.4375,0.3125,sad
d1200,0.275,0.325,sad
d1201,0.625,0.5625,happy
d1202,0.3875,0.2125,sad
d1203,0.375,0.3,sad
d1204,0.7,0.5625,happy
d1205,0.625,0.5875,happy
d1206,0.5125,0.6,happy
d1207,0.4625,0.3,sad
d1208,0.65,0.45,relax
d1209,0.425,0.2125,sad
d1210,0.35,0.175,sad
d1211,0.5625,0.4625,relax
d1212,0.3125,0.2125,sad
d1213,0.2625,0.225,sad
d1214,0.65,0.5375,happy
d1215,0.65,0.575,happy
d1216,0.5625,0.5375,happy
d1217,0.3625,0.2,sad
d1218,0.3625,0.3875,sad
d1219,0.4125,0.15,sad
d1220,0.325,0.15,sad
d1221,0.55,0.5375,happy
d1222,0.3875,0.275,sad
d1223,0.45,0.575,angry
d1224,0.65,0.725,happy
d1225,0.3,0.45,sad
d1226,0.3625,0.35,sad
d1227,0.4625,0.5875,angry
d1228,0.55,0.2875,relax
d1229,0.525,0.4125,relax
d1230,0.5375,0.3375,relax
d1231,0.5625,0.6875,happy
d1232,0.7375,0.6625,happy
d1233,0.5625,0.475,relax
d1234,0.45,0.25,sad
d1235,0.4875,0.6,angry
d1236,0.4375,0.4875,sad
d1237,0.3875,0.2875,sad
d1238,0.5625,0.5125,happy
d1239,0.6625,0.7125,happy
d1240,0.2125,0.2,sad
d1241,0.3875,0.3375,sad
d1242,0.4625,0.4125,sad
d1243,0.6,0.5875,happy
d1244,0.45,0.3375,sad
d1245,0.675,0.5375,happy
d1246,0.4375,0.2625,sad
d1247,0.425,0.6625,angry
d1248,0.3375,0.25,sad
d1249,0.5125,0.575,happy
d1250,0.75,0.8,happy
d1251,0.7375,0.6625,happy
d1252,0.525,0.5125,happy
d1253,0.3875,0.25,sad
d1254,0.4625,0.65,angry
d1255,0.3,0.125,sad
d1256,0.5875,0.5625,happy
d1257,0.5,0.35,sad
d1258,0.5875,0.575,happy
d1259,0.325,0.225,sad
d1260,0.775,0.6875,happy
d1261,0.35,0.2625,sad
d1262,0.4375,0.475,sad
d1263,0.6,0.5125,happy
d1264,0.45,0.325,sad
d1265,0.6,0.5625,happy
d1266,0.575,0.5125,happy
d1267,0.4375,0.3375,sad
d1268,0.5375,0.3375,relax
d1269,0.3125,0.425,sad
d1270,0.45,0.5375,angry
d1271,0.45,0.4625,sad
d1272,0.375,0.275,sad
d1273,0.475,0.575,angry
d1274,0.625,0.55,happy
d1275,0.3125,0.225,sad
d1276,0.475,0.5625,angry
d1277,0.2375,0.15,sad
d1278,0.5125,0.3875,relax
d1279,0.575,0.4,relax
d1280,0.6125,0.55,happy
d1281,0.55,0.4375,relax
d1282,0.725,0.675,happy
d1283,0.2875,0.525,angry
d1284,0.6625,0.7,happy
d1285,0.5125,0.4875,relax
d1286,0.35,0.25,sad
d1287,0.4375,0.4125,sad
d1288,0.525,0.3,relax
d1289,0.5,0.425,sad
d1290,0.7,0.7,happy
d1291,0.325,0.1875,sad
d1292,0.575,0.525,happy
d1293,0.5875,0.5125,happy
d1294,0.6125,0.5625,happy
d1295,0.7375,0.675,happy
d1296,0.5,0.6125,angry
d1297,0.475,0.3375,sad
d1298,0.7375,0.575,happy
d1299,0.4375,0.4625,sad
d1300,0.625,0.4375,relax
d1301,0.425,0.225,sad
d1302,0.425,0.35,sad
d1303,0.6375,0.6875,happy
d1304,0.525,0.6625,happy
d1305,0.4625,0.65,angry
d1306,0.5375,0.5375,happy
d1307,0.5125,0.55,happy
d1308,0.6,0.5375,happy
d1309,0.6875,0.8,happy
d1310,0.5125,0.425,relax
d1311,0.3875,0.3125,sad
d1312,0.5375,0.375,relax
d1313,0.4,0.25,sad
d1314,0.3875,0.3875,sad
d1315,0.75,0.675,happy
d1316,0.525,0.375,relax
d1317,0.5375,0.65,happy
d1318,0.475,0.4125,sad
d1319,0.6875,0.575,happy
d1320,0.35,0.6875,angry
d1321,0.4375,0.5875,angry
d1322,0.6875,0.5625,happy
d1323,0.5625,0.5,happy
d1324,0.6375,0.7125,happy
d1325,0.6125,0.6,happy
d1326,0.6375,0.5,happy
d1327,0.5625,0.225,relax
d1328,0.425,0.2125,sad
d1329,0.5375,0.4,relax
d1330,0.5875,0.775,happy
d1331,0.5375,0.425,relax
d1332,0.1875,0.1625,sad
d1333,0.4375,0.5875,angry
d1334,0.35,0.85,angry
d1335,0.55,0.575,happy
d1336,0.325,0.2125,sad
d1337,0.5,0.6875,angry
d1338,0.65,0.675,happy
d1339,0.775,0.725,happy
d1340,0.675,0.5875,happy
d1341,0.3125,0.275,sad
d1342,0.6875,0.675,happy
d1343,0.625,0.55,happy
d1344,0.6625,0.5625,happy
d1345,0.4375,0.2375,sad
d1346,0.6875,0.575,happy
d1347,0.45,0.375,sad
d1348,0.6,0.6625,happy
d1349,0.525,0.525,happy
d1350,0.375,0.2,sad
d1351,0.6625,0.6125,happy
d1352,0.7125,0.675,happy
d1353,0.5375,0.675,happy
d1354,0.45,0.125,sad
d1355,0.6625,0.35,relax
d1356,0.525,0.525,happy
d1357,0.4375,0.625,angry
d1358,0.625,0.625,happy
d1359,0.325,0.3,sad
d1360,0.5625,0.2375,relax
d1361,0.425,0.1875,sad
d1362,0.425,0.55,angry
d1363,0.5125,0.325,relax
d1364,0.4125,0.65,angry
d1365,0.6875,0.675,happy
d1366,0.55,0.6625,happy
d1367,0.7625,0.775,happy
d1368,0.3,0.2875,sad
d1369,0.725,0.7,happy
d1370,0.4125,0.3875,sad
d1371,0.5875,0.55,happy
d1372,0.475,0.525,angry
d1373,0.7,0.5875,happy
d1374,0.625,0.3875,relax
d1375,0.575,0.575,happy
d1376,0.75,0.7,happy
d1377,0.3375,0.2625,sad
d1378,0.5625,0.5875,happy
d1379,0.6,0.5875,happy
d1380,0.3875,0.4375,sad
d1381,0.6375,0.7625,happy
d1382,0.475,0.4625,sad
d1383,0.575,0.25,relax
d1384,0.6,0.55,happy
d1385,0.625,0.625,happy
d1386,0.6125,0.5,happy
d1387,0.6375,0.4375,relax
d1388,0.725,0.85,happy
d1389,0.4,0.2875,sad
d1390,0.6375,0.6625,happy
d1391,0.4125,0.5875,angry
d1392,0.65,0.7125,happy
d1393,0.65,0.3875,relax
d1394,0.625,0.3875,relax
d1395,0.4625,0.3125,sad
d1396,0.6375,0.625,happy
d1397,0.4125,0.2875,sad
d1398,0.7375,0.825,happy
d1399,0.6375,0.675,happy
d1400,0.575,0.6,happy
d1401,0.6,0.5375,happy
d1402,0.575,0.1875,relax
d1403,0.575,0.5125,happy
d1404,0.35,0.2125,sad
d1405,0.3375,0.15,sad
d1406,0.3625,0.3375,sad
d1407,0.325,0.35,sad
d1408,0.4,0.5,sad
d1409,0.4875,0.3375,sad
d1410,0.625,0.425,relax
d1411,0.3625,0.2125,sad
d1412,0.45,0.275,sad
d1413,0.4125,0.3875,sad
d1414,0.3375,0.375,sad
d1415,0.5875,0.4625,relax
d1416,0.425,0.2125,sad
d1417,0.45,0.175,sad
d1418,0.4125,0.35,sad
d1419,0.3375,0.1875,sad
d1420,0.475,0.2625,sad
d1421,0.4,0.275,sad
d1422,0.3875,0.225,sad
d1423,0.4,0.5625,angry
d1424,0.4375,0.3125,sad
d1425,0.5125,0.525,happy
d1426,0.7,0.675,happy
d1427,0.5,0.4875,sad
d1428,0.4625,0.3125,sad
d1429,0.25,0.1625,sad
d1430,0.45,0.275,sad
d1431,0.3875,0.3875,sad
d1432,0.3375,0.2,sad
d1433,0.375,0.325,sad
d1434,0.3375,0.225,sad
d1435,0.325,0.5375,angry
d1436,0.4625,0.35,sad
d1437,0.5125,0.4375,relax
d1438,0.325,0.2375,sad
d1439,0.3875,0.2375,sad
d1440,0.5125,0.4875,relax
d1441,0.5,0.375,sad
d1442,0.5375,0.225,relax
d1443,0.6,0.2375,relax
d1444,0.45,0.2625,sad
d1445,0.5125,0.325,relax
d1446,0.6,0.275,relax
d1447,0.425,0.3875,sad
d1448,0.425,0.425,sad
d1449,0.45,0.3875,sad
d1450,0.5875,0.5,happy
d1451,0.5125,0.475,relax
d1452,0.4,0.3625,sad
d1453,0.375,0.35,sad
d1454,0.525,0.325,relax
d1455,0.3875,0.4,sad
d1456,0.4125,0.15,sad
d1457,0.55,0.475,relax
d1458,0.4,0.4625,sad
d1459,0.55,0.5125,happy
d1460,0.475,0.3625,sad
d1461,0.5375,0.4,relax
d1462,0.475,0.3625,sad
d1463,0.2875,0.25,sad
d1464,0.475,0.425,sad
d1465,0.525,0.3375,relax
d1466,0.6375,0.4375,relax
d1467,0.375,0.4,sad
d1468,0.3375,0.125,sad
d1469,0.2625,0.275,sad
d1470,0.5125,0.275,relax
d1471,0.7875,0.725,happy
d1472,0.5,0.525,angry
d1473,0.6375,0.625,happy
d1474,0.7,0.675,happy
d1475,0.4125,0.275,sad
d1476,0.4375,0.5125,angry
d1477,0.5125,0.4375,relax
d1478,0.5125,0.3125,relax
d1479,0.5,0.5125,angry
d1480,0.475,0.5375,angry
d1481,0.3625,0.3375,sad
d1482,0.4125,0.3,sad
d1483,0.3625,0.35,sad
d1484,0.425,0.35,sad
d1485,0.4625,0.35,sad
d1486,0.3375,0.2375,sad
d1487,0.4125,0.175,sad
d1488,0.4875,0.3625,sad
d1489,0.4875,0.45,sad
d1490,0.35,0.2625,sad
d1491,0.475,0.525,angry
d1492,0.2875,0.225,sad
d1493,0.375,0.6375,angry
d1494,0.4875,0.35,sad
d1495,0.425,0.3625,sad
d1496,0.6375,0.6,happy
d1497,0.425,0.325,sad
d1498,0.475,0.35,sad
d1499,0.475,0.4375,sad
d1500,0.35,0.275,sad
d1501,0.5,0.4875,sad
d1502,0.775,0.75,happy
d1503,0.6125,0.3875,relax
d1504,0.625,0.6125,happy
d1505,0.4,0.4875,sad
d1506,0.5,0.475,sad
d1507,0.5625,0.5875,happy
d1508,0.6125,0.5375,happy
d1509,0.6125,0.55,happy
d1510,0.3875,0.575,angry
d1511,0.5625,0.575,happy
d1512,0.35,0.525,angry
d1513,0.6375,0.6625,happy
d1514,0.45,0.55,angry
d1515,0.425,0.475,sad
d1516,0.575,0.4875,relax
d1517,0.625,0.5,happy
d1518,0.6375,0.6625,happy
d1519,0.5,0.575,angry
d1520,0.5375,0.5375,happy
d1521,0.475,0.4875,sad
d1522,0.525,0.5875,happy
d1523,0.7375,0.475,relax
d1524,0.575,0.425,relax
d1525,0.4375,0.4375,sad
d1526,0.6125,0.6125,happy
d1527,0.4375,0.4625,sad
d1528,0.5625,0.45,relax
d1529,0.55,0.5875,happy
d1530,0.65,0.4,relax
d1531,0.5125,0.475,relax
d1532,0.6,0.575,happy
d1533,0.525,0.5375,happy
d1534,0.5875,0.5875,happy
d1535,0.55,0.5375,happy
d1536,0.475,0.3,sad
d1537,0.6125,0.3,relax
d1538,0.6625,0.4625,relax
d1539,0.425,0.4625,sad
d1540,0.5875,0.5125,happy
d1541,0.525,0.45,relax
d1542,0.5625,0.5625,happy
d1543,0.6375,0.55,happy
d1544,0.675,0.55,happy
d1545,0.475,0.475,sad
d1546,0.5375,0.425,relax
d1547,0.375,0.6,angry
d1548,0.45,0.3375,sad
d1549,0.4875,0.525,angry
d1550,0.475,0.3375,sad
d1551,0.575,0.55,happy
d1552,0.575,0.575,happy
d1553,0.575,0.6125,happy
d1554,0.6,0.4375,relax
d1555,0.425,0.2375,sad
d1556,0.4625,0.6375,angry
d1557,0.5625,0.6625,happy
d1558,0.3,0.6125,angry
d1559,0.6,0.525,happy
d1560,0.525,0.525,happy
d1561,0.5,0.625,angry
d1562,0.475,0.6625,angry
d1563,0.5125,0.5875,happy
d1564,0.6375,0.675,happy
d1565,0.45,0.4875,sad
d1566,0.65,0.5375,happy
d1567,0.375,0.5,sad
d1568,0.55,0.625,happy
d1569,0.575,0.6,happy
d1570,0.525,0.45,relax
d1571,0.425,0.7375,angry
d1572,0.5625,0.5,happy
d1573,0.4875,0.325,sad
d1574,0.6125,0.55,happy
d1575,0.525,0.5125,happy
d1576,0.55,0.3625,relax
d1577,0.525,0.4625,relax
d1578,0.6125,0.475,relax
d1579,0.6,0.4875,relax
d1580,0.6375,0.525,happy
d1581,0.6875,0.6375,happy
d1582,0.6125,0.55,happy
d1583,0.575,0.525,happy
d1584,0.4875,0.45,sad
d1585,0.5,0.3625,sad
d1586,0.4125,0.5,sad
d1587,0.5,0.5625,angry
d1588,0.4875,0.6,angry
d1589,0.6,0.6375,happy
d1590,0.4,0.65,angry
d1591,0.6125,0.4625,relax
d1592,0.6375,0.675,happy
d1593,0.4625,0.3125,sad
d1594,0.575,0.55,happy
d1595,0.575,0.6125,happy
d1596,0.5625,0.5125,happy
d1597,0.5625,0.5,happy
d1598,0.4125,0.5625,angry
d1599,0.325,0.3875,sad
d1600,0.575,0.575,happy
d1601,0.5,0.5375,angry
d1602,0.5,0.3375,sad
d1603,0.55,0.3625,relax
d1604,0.4375,0.325,sad
d1605,0.575,0.375,relax
d1606,0.575,0.4875,relax
d1607,0.4375,0.25,sad
d1608,0.4375,0.75,angry
d1609,0.675,0.6875,happy
d1610,0.675,0.3875,relax
d1611,0.5875,0.65,happy
d1612,0.35,0.2625,sad
d1613,0.65,0.7,happy
d1614,0.7,0.45,relax
d1615,0.5875,0.45,relax
d1616,0.475,0.5625,angry
d1617,0.6375,0.6125,happy
d1618,0.6375,0.3625,relax
d1619,0.525,0.5375,happy
d1620,0.6625,0.5875,happy
d1621,0.6375,0.625,happy
d1622,0.625,0.6125,happy
d1623,0.575,0.5375,happy
d1624,0.5875,0.675,happy
d1625,0.4875,0.425,sad
d1626,0.6375,0.625,happy
d1627,0.425,0.3625,sad
d1628,0.4625,0.475,sad
d1629,0.675,0.6625,happy
d1630,0.625,0.55,happy
d1631,0.5875,0.475,relax
d1632,0.525,0.3,relax
d1633,0.6875,0.6625,happy
d1634,0.5625,0.6375,happy
d1635,0.725,0.6375,happy
d1636,0.45,0.525,angry
d1637,0.5625,0.325,relax
d1638,0.6125,0.3625,relax
d1639,0.5375,0.5375,happy
d1640,0.7,0.6375,happy
d1641,0.45,0.5375,angry
d1642,0.5125,0.4875,relax
d1643,0.425,0.4125,sad
d1644,0.5,0.6125,angry
d1645,0.6,0.5875,happy
d1646,0.4375,0.3375,sad
d1647,0.7625,0.6,happy
d1648,0.3625,0.1875,sad
d1649,0.6375,0.625,happy
d1650,0.6125,0.4625,relax
d1651,0.475,0.625,angry
d1652,0.775,0.6625,happy
d1653,0.4125,0.2625,sad
d1654,0.475,0.2625,sad
d1655,0.6375,0.6375,happy
d1656,0.4625,0.375,sad
d1657,0.575,0.5875,happy
d1658,0.65,0.6125,happy
d1659,0.45,0.45,sad
d1660,0.525,0.5625,happy
d1661,0.5875,0.6625,happy
d1662,0.6375,0.625,happy
d1663,0.45,0.4875,sad
d1664,0.4,0.375,sad
d1665,0.575,0.5875,happy
d1666,0.35,0.2875,sad
d1667,0.625,0.8125,happy
d1668,0.5625,0.5625,happy
d1669,0.5625,0.4875,relax
d1670,0.6125,0.55,happy
d1671,0.4,0.2875,sad
d1672,0.425,0.2,sad
d1673,0.6375,0.6125,happy
d1674,0.5,0.5375,angry
d1675,0.5625,0.5875,happy
d1676,0.575,0.4875,relax
d1677,0.725,0.675,happy
d1678,0.5125,0.4,relax
d1679,0.55,0.575,happy
d1680,0.725,0.6375,happy
d1681,0.5,0.3125,sad
d1682,0.6375,0.6,happy
d1683,0.625,0.475,relax
d1684,0.5125,0.5,happy
d1685,0.55,0.4375,relax
d1686,0.3375,0.2875,sad
d1687,0.5125,0.4625,relax
d1688,0.525,0.4625,relax
d1689,0.7625,0.675,happy
d1690,0.55,0.45,relax
d1691,0.3375,0.325,sad
d1692,0.35,0.2875,sad
d1693,0.425,0.35,sad
d1694,0.4375,0.6375,angry
d1695,0.5875,0.575,happy
d1696,0.35,0.2875,sad
d1697,0.2875,0.225,sad
d1698,0.4375,0.4375,sad
d1699,0.5125,0.5,happy
d1700,0.575,0.5,happy
d1701,0.375,0.2625,sad
d1702,0.3875,0.3625,sad
d1703,0.5375,0.7125,happy
d1704,0.5375,0.675,happy
d1705,0.375,0.425,sad
d1706,0.4875,0.375,sad
d1707,0.3125,0.375,sad
d1708,0.4,0.325,sad
d1709,0.375,0.35,sad
d1710,0.325,0.2375,sad
d1711,0.5,0.275,sad
d1712,0.425,0.2375,sad
d1713,0.65,0.5875,happy
d1714,0.6375,0.375,relax
d1715,0.6125,0.575,happy
d1716,0.6,0.55,happy
d1717,0.625,0.475,relax
d1718,0.4625,0.3125,sad
d1719,0.5,0.2875,sad
d1720,0.8125,0.625,happy
d1721,0.4,0.2375,sad
d1722,0.5,0.2625,sad
d1723,0.4125,0.3,sad
d1724,0.3375,0.2875,sad
d1725,0.525,0.425,relax
d1726,0.45,0.275,sad
d1727,0.4875,0.4625,sad
d1728,0.2625,0.4625,sad
d1729,0.5125,0.55,happy
d1730,0.5375,0.3625,relax
d1731,0.4,0.325,sad
d1732,0.4,0.25,sad
d1733,0.35,0.2875,sad
d1734,0.5125,0.525,happy
d1735,0.4625,0.25,sad
d1736,0.4625,0.2625,sad
d1737,0.325,0.325,sad
d1738,0.225,0.475,sad
d1739,0.3375,0.225,sad
d1740,0.5375,0.4125,relax
d1741,0.2875,0.3125,sad
d1742,0.725,0.5125,happy
d1743,0.725,0.6875,happy
d1744,0.4875,0.4125,sad
d1745,0.7625,0.6125,happy
d1746,0.5875,0.475,relax
d1747,0.4125,0.2375,sad
d1748,0.55,0.3875,relax
d1749,0.7125,0.45,relax
d1750,0.4625,0.5375,angry
d1751,0.3875,0.4125,sad
d1752,0.5625,0.6375,happy
d1753,0.275,0.3,sad
d1754,0.4,0.175,sad
d1755,0.675,0.5875,happy
d1756,0.425,0.3625,sad
d1757,0.5,0.2625,sad
d1758,0.55,0.25,relax
d1759,0.55,0.4625,relax
d1760,0.4125,0.3875,sad
d1761,0.8625,0.7625,happy
d1762,0.6375,0.55,happy
d1763,0.425,0.3125,sad
d1764,0.4875,0.375,sad
d1765,0.6,0.45,relax
d1766,0.3375,0.25,sad
d1767,0.35,0.175,sad
d1768,0.3875,0.2625,sad
d1769,0.6125,0.5375,happy
d1770,0.4375,0.2375,sad
d1771,0.4875,0.5375,angry
d1772,0.575,0.4125,relax
d1773,0.55,0.3875,relax
d1774,0.4875,0.475,sad
d1775,0.45,0.25,sad
d1776,0.475,0.35,sad
d1777,0.5375,0.425,relax
d1778,0.425,0.275,sad
d1779,0.5875,0.2375,relax
d1780,0.475,0.3125,sad
d1781,0.4,0.2125,sad
d1782,0.4625,0.525,angry
d1783,0.4,0.2875,sad
d1784,0.5625,0.5125,happy
d1785,0.575,0.525,happy
d1786,0.4,0.2625,sad
d1787,0.3625,0.3,sad
d1788,0.325,0.625,angry
d1789,0.6125,0.5125,happy
d1790,0.35,0.2875,sad
d1791,0.5375,0.2875,relax
d1792,0.6375,0.5125,happy
d1793,0.5125,0.4,relax
d1794,0.4,0.3375,sad
d1795,0.3625,0.25,sad
d1796,0.6,0.625,happy
d1797,0.325,0.3875,sad
d1798,0.5875,0.375,relax
d1799,0.6,0.4375,relax
d1800,0.3,0.2,sad
d1801,0.3,0.225,sad
d1802,0.5875,0.7,happy
d1803,0.3875,0.325,sad
d1804,0.5875,0.6125,happy
d1805,0.5875,0.4875,relax
d1806,0.6875,0.65,happy
d1807,0.5875,0.5375,happy
d1808,0.55,0.5375,happy
d1809,0.375,0.3875,sad
d1810,0.3875,0.375,sad
d1811,0.45,0.4625,sad
d1812,0.5,0.5,sad
d1813,0.6375,0.5875,happy
d1814,0.625,0.6,happy
d1815,0.675,0.6,happy
d1816,0.5,0.4375,sad
d1817,0.7,0.625,happy
d1818,0.4125,0.275,sad
d1819,0.3875,0.3875,sad
d1820,0.4375,0.425,sad
d1821,0.65,0.7,happy
d1822,0.4625,0.3125,sad
d1823,0.2125,0.575,angry
d1824,0.65,0.5875,happy
d1825,0.475,0.4375,sad
d1826,0.5125,0.3375,relax
d1827,0.575,0.7125,happy
d1828,0.6,0.7,happy
d1829,0.475,0.325,sad
d1830,0.5875,0.5375,happy
d1831,0.65,0.575,happy
d1832,0.5875,0.525,happy
d1833,0.4375,0.275,sad
d1834,0.6625,0.5875,happy
d1835,0.5375,0.275,relax
d1836,0.575,0.45,relax
d1837,0.4,0.2375,sad
d1838,0.45,0.5,sad
d1839,0.625,0.5875,happy
d1840,0.475,0.55,angry
d1841,0.45,0.2625,sad
d1842,0.6,0.6625,happy
d1843,0.4875,0.4625,sad
d1844,0.6375,0.5625,happy
d1845,0.6125,0.6125,happy
d1846,0.6,0.6,happy
d1847,0.275,0.2,sad
d1848,0.5625,0.5,happy
d1849,0.625,0.6,happy
d1850,0.3375,0.2125,sad
d1851,0.45,0.2875,sad
d1852,0.3875,0.4625,sad
d1853,0.6875,0.5875,happy
d1854,0.525,0.4375,relax
d1855,0.55,0.625,happy
d1856,0.6375,0.7125,happy
d1857,0.5375,0.5,happy
d1858,0.525,0.575,happy
d1859,0.525,0.5,happy
d1860,0.3375,0.3125,sad
d1861,0.5125,0.5,happy
d1862,0.5125,0.4875,relax
d1863,0.675,0.5875,happy
d1864,0.6375,0.8,happy
d1865,0.725,0.6125,happy
d1866,0.475,0.4375,sad
d1867,0.4,0.375,sad
d1868,0.6,0.5,happy
d1869,0.3875,0.3375,sad
d1870,0.55,0.575,happy
d1871,0.675,0.7,happy
d1872,0.4375,0.4,sad
d1873,0.4625,0.3,sad
d1874,0.5,0.6625,angry
d1875,0.6625,0.65,happy
d1876,0.6625,0.5,happy
d1877,0.65,0.5625,happy
d1878,0.7125,0.6625,happy
d1879,0.55,0.675,happy
d1880,0.55,0.275,relax
d1881,0.5,0.525,angry
d1882,0.5625,0.65,happy
d1883,0.575,0.4375,relax
d1884,0.6875,0.575,happy
d1885,0.3625,0.3625,sad
d1886,0.3875,0.25,sad
d1887,0.625,0.6,happy
d1888,0.3,0.275,sad
d1889,0.575,0.5625,happy
d1890,0.625,0.6,happy
d1891,0.5,0.3125,sad
d1892,0.5125,0.6375,happy
d1893,0.6625,0.65,happy
d1894,0.475,0.475,sad
d1895,0.6875,0.6125,happy
d1896,0.4875,0.1375,sad
d1897,0.4,0.35,sad
d1898,0.5125,0.4,relax
d1899,0.5,0.3875,sad
d1900,0.6875,0.7125,happy
d1901,0.525,0.675,happy
d1902,0.425,0.7875,angry
d1903,0.275,0.7375,angry
d1904,0.3875,0.3,sad
d1905,0.3375,0.6875,angry
d1906,0.425,0.65,angry
d1907,0.4875,0.6875,angry
d1908,0.525,0.5125,happy
d1909,0.4875,0.5,sad
d1910,0.35,0.2875,sad
d1911,0.4125,0.55,angry
d1912,0.55,0.5625,happy
d1913,0.625,0.6875,happy
d1914,0.5375,0.6625,happy
d1915,0.6625,0.6875,happy
d1916,0.55,0.6625,happy
d1917,0.3875,0.45,sad
d1918,0.3,0.45,sad
d1919,0.4375,0.55,angry
d1920,0.5875,0.675,happy
d1921,0.425,0.6875,angry
d1922,0.575,0.6,happy
d1923,0.675,0.65,happy
d1924,0.5375,0.5875,happy
d1925,0.4875,0.4375,sad
d1926,0.525,0.6375,happy
d1927,0.575,0.45,relax
d1928,0.3375,0.575,angry
d1929,0.5125,0.7125,happy
d1930,0.45,0.375,sad
d1931,0.4625,0.5625,angry
d1932,0.475,0.625,angry
d1933,0.525,0.75,happy
d1934,0.6,0.35,relax
d1935,0.4625,0.425,sad
d1936,0.2375,0.25,sad
d1937,0.4125,0.3625,sad
d1938,0.575,0.75,happy
d1939,0.425,0.275,sad
d1940,0.5125,0.575,happy
d1941,0.525,0.425,relax
d1942,0.675,0.725,happy
d1943,0.4,0.425,sad
d1944,0.6375,0.5125,happy
d1945,0.625,0.6375,happy
d1946,0.375,0.625,angry
d1947,0.5,0.8,angry
d1948,0.375,0.7125,angry
d1949,0.15,0.5125,angry
d1950,0.35,0.3,sad
d1951,0.45,0.375,sad
d1952,0.3875,0.425,sad
d1953,0.5125,0.425,relax
d1954,0.7125,0.5875,happy
d1955,0.5625,0.6875,happy
d1956,0.55,0.6125,happy
d1957,0.475,0.475,sad
d1958,0.475,0.5125,angry
d1959,0.4625,0.6,angry
d1960,0.4375,0.7125,angry
d1961,0.6125,0.5375,happy
d1962,0.425,0.5,sad
d1963,0.3625,0.5625,angry
d1964,0.325,0.7125,angry
d1965,0.2875,0.3125,sad
d1966,0.325,0.5,sad
d1967,0.4625,0.7375,angry
d1968,0.45,0.6475,angry
d1969,0.3375,0.5875,angry
d1970,0.6125,0.7625,happy
d1971,0.5625,0.5625,happy
d1972,0.625,0.6125,happy
d1973,0.4125,0.4125,sad
d1974,0.3,0.4625,sad
d1975,0.4625,0.575,angry
d1976,0.4875,0.55,angry
d1977,0.4625,0.525,angry
d1978,0.6875,0.6875,happy
d1979,0.5625,0.775,happy
d1980,0.5625,0.55,happy
d1981,0.5125,0.6,happy
d1982,0.4375,0.4375,sad
d1983,0.2375,0.3,sad
d1984,0.3375,0.2375,sad
d1985,0.475,0.575,angry
d1986,0.375,0.5125,angry
d1987,0.6875,0.6625,happy
d1988,0.5625,0.6,happy
d1989,0.5,0.5875,angry
d1990,0.4,0.3875,sad
d1991,0.5,0.625,angry
d1992,0.4875,0.725,angry
d1993,0.3125,0.75,angry
d1994,0.35,0.3125,sad
d1995,0.4625,0.4625,sad
d1996,0.3625,0.6125,angry
d1997,0.5375,0.3625,relax
d1998,0.675,0.65,happy
d1999,0.45,0.55,angry
d2000,0.6,0.625,happy
