song_id,tempo,beats_total,beats_avg,chroma_stft_mean,chroma_stft_std,chroma_cq_mean,chroma_cq_std,chroma_cens_mean,chroma_cens_std,melspectrogram_mean,melspectrogram_std,mfcc_mean,mfcc_std,mfcc_delta_mean,mfcc_delta_std,rms_mean,rms_std,centroid_mean,centroid_std,spec_bw_mean,spec_bw_std,contrast_mean,contrast_std,flatness_mean,flatness_std,rolloff_mean,rolloff_std,poly_mean,poly_std,tonnetz_mean,tonnetz_std,zcr_mean,zcr_std,valence,arousal,label
706,135.9991776,47164,673.7714286,0.388934552,0.286616329,0.470184926,0.259901962,0.250590766,0.14330946,13.58765357,56.23299397,6.264027182,31.89922473,0.021207945,2.27670171,2.404391766,0.044333283,1966.67437,508.5503405,2290.359112,388.4147102,19.73964334,6.236000617999999,0.014127518,0.02915757,4265.735341,1239.947485,3.2987143260000003,3.607079665,-0.011885992,0.074722918,0.077224156,0.030183382,0.6125,0.4,relax
931,129.1992188,194089,1396.323741,0.387600633,0.308741331,0.433849368,0.297283538,0.240743456,0.159298216,16.14572255,170.4366337,0.5405740720000001,46.85576053,-0.002116411,2.761379947,1.431561589,0.277768314,2074.159796,1052.237404,2411.353235,595.6060543,21.32091958,6.553542641,0.026898351,0.107266545,4448.5827100000015,2303.826016,1.878351955,2.584810171,0.000379019,0.073650009,0.08155413,0.090634006,0.5,0.4375,relax
918,161.49902340000003,51164,631.654321,0.357815798,0.291386269,0.42388399,0.286273245,0.237338257,0.164328588,9.205443675,64.53563887,3.984390337,36.05542585,0.017192463999999998,2.825021792,1.701448441,0.049188338,2017.158385,675.6836381,2522.771531,454.9825651,20.67207939,6.109523904,0.012390963,0.014867943,4551.003471,1715.0218109999996,2.1745798,2.525641449,-0.011641821,0.089957015,0.07169313299999999,0.032285252,0.6375,0.4,relax
1,129.1992188,45496,689.3333332999998,0.400595191,0.298970801,0.402285857,0.316265908,0.226863182,0.17851170800000002,6.7259118660000015,52.54270233,1.460438877,33.68694276,0.01133568,3.960130488,1.923089862,0.035111114,2874.2802460000007,1095.384271,2633.679801,478.1599337,21.29865253,7.041594253,0.038755186,0.055984721,5859.691693,1894.741686,1.912150245,2.296730288,0.013560646,0.099638222,0.130365079,0.087782819,0.575,0.4,relax
921,135.9991776,77274,858.6,0.467727566,0.276459915,0.5156975460000001,0.273017406,0.25595098,0.13350067,10.22409663,64.24044153,6.012126817,23.314471,0.017771356999999998,2.2763380840000003,2.7212133410000003,0.136148661,2973.197429,592.5937035000002,2738.150214,222.01583019999995,19.41113459,6.898527859,0.051970918,0.042130213,6236.021867,958.4372588,2.987688393,3.391538314,-0.009269592,0.059065284,0.14278108,0.057893277,0.5625,0.475,relax
356,129.1992188,160723,1275.579365,0.446563138,0.288488285,0.507955876,0.281243239,0.255281367,0.134776693,19.90118666,169.4256065,6.2284115999999985,30.00281721,0.013024062,2.930243678,2.792736053,0.038967952,2183.13733,902.2218925,2363.199815,529.2729271000002,20.03433244,7.30583991,0.028308434,0.046717223,4558.59409,1926.499963,3.449498778,3.910704278,-0.000955945,0.072472517,0.092130515,0.058034355,0.5625,0.475,relax
582,83.35433468,102967,1255.695122,0.305554965,0.291953904,0.384247138,0.278829918,0.224411763,0.181583849,15.35405335,72.48858967,5.703958326,28.35815707,0.01091466,2.278732597,2.315945625,0.060743727,2473.465469,924.8179514,2708.791166,442.659104,22.90909494,6.060775576,0.016166778,0.028482346,5468.736505,1885.19913,2.84311982,3.070306062,0.01284323,0.096775875,0.096436278,0.055914949000000005,0.5,0.4125,relax
433,107.6660156,47793,783.4918033,0.426127381,0.330611734,0.607605626,0.274776291,0.273396215,0.092670616,10.11673941,101.7304071,-1.724693113,49.37243803,0.016352813,3.686793651,1.267938256,0.058828108,1868.732234,966.4992179,2305.1899550000007,557.7671792,20.0842437,7.085456439,0.017670432,0.045195177,4021.7574270000014,2182.684344,1.560427368,2.399897169,0.003240921,0.05504693,0.07226073,0.065774755,0.5,0.3625,relax
771,135.9991776,37509,595.3809524000002,0.45750929,0.273848874,0.576148846,0.240307056,0.271438016,0.098258519,1.41940008,8.194745401,0.491132748,30.04557255,0.021455134,2.076819982,1.192390442,0.014695402,3157.621511,476.3294637,2842.750491,243.0638579,18.44279527,6.76547181,0.07657931700000001,0.047620341,6678.911545,840.2408721,1.248035721,1.4622681519999998,-0.003454739,0.051824153,0.164477216,0.04153531,0.5625,0.425,relax
486,95.703125,55519,854.1384615000002,0.329441473,0.309094967,0.454236941,0.289043104,0.254367392,0.136493821,5.382404502999999,31.43457707,-8.905011777999999,51.83157595,-0.000303352,3.620663782,1.299825907,0.055672936,2457.216945,1200.512315,2641.028395,567.902755,21.39110665,6.677999943,0.029590487,0.059625,5364.181294,2420.812558,1.428159954,2.00816613,0.0073036019999999984,0.092992508,0.114021626,0.107232908,0.575,0.375,relax
897,107.6660156,60958,896.4411765000001,0.390469309,0.300329723,0.40004705,0.287549995,0.223543043,0.182652241,7.991877386,75.31067015,-1.475602689,38.42778178,0.006814289,2.255891997,1.652324677,0.397287458,2606.361163,808.890571,2672.663946,482.7667599,21.42149362,7.266992288,0.023962336,0.041742861,5666.569581000002,1790.48665,1.830922513,2.379454838,0.000362933,0.099424601,0.097640508,0.057798896,0.5625,0.3875,relax
428,143.5546875,16561,403.9268293,0.403989794,0.30359577,0.489008663,0.286411604,0.25702252800000003,0.131425848,11.00466838,93.71305765,-1.245942824,51.0764657,0.000899217,3.541744498,1.920908332,0.052344799,2389.702281,1043.120631,2572.068981,656.8947308999999,20.57473922,6.637833615,0.0227283,0.036912106,5221.1557619999985,2289.344931,2.071907372,2.753692174,-0.00163845,0.07547093,0.08618369699999999,0.066066903,0.5625,0.4875,relax
310,151.99908090000002,43319,610.1267606,0.229541932,0.290842994,0.424788633,0.27469018100000003,0.241297947,0.15845704300000002,4.473590617,29.75715479,-4.056473287,44.93676473,0.012603417,2.116631537,1.046588778,0.043254197,1929.156906,678.2757119,2116.78138,432.4407368,23.46486681,6.405606493,0.008972499,0.034642864,3785.956766,1369.615935,1.375277459,1.605257802,0.021214381,0.08520969199999999,0.088057155,0.051532397,0.675,0.4,relax
170,86.1328125,51932,880.2033898,0.312375667,0.294369971,0.396093176,0.282739537,0.228027512,0.177021996,8.35312017,53.08534348,1.989883999,51.15320384,0.015209905,2.242365794,1.312057257,0.15532513,1398.5674210000002,854.0814874,1866.490057,639.9900493,23.4166562,6.721990979,0.00434943,0.025873473,2721.411632,1824.641046,1.812542304,2.14347674,-0.011835568,0.104643144,0.05454568,0.043929799000000005,0.6,0.3,relax
578,99.38401442,49554,786.5714286,0.257830487,0.292300094,0.4180528,0.298261794,0.225674145,0.180012538,9.145392551,59.18964894,2.7973955630000003,44.06691228,0.011727793,1.919289175,1.5690938230000002,0.22139208,2033.418677,878.5620702,2492.912709,564.3271447000002,21.48638815,6.385375002999999,0.012241811000000002,0.029030276,4571.192256,2023.823555,1.950125242,2.464621301,0.025531922,0.09377818,0.074958317,0.050464303,0.625,0.4625,relax
119,95.703125,114670,1260.10989,0.248238407,0.298065814,0.426599521,0.27409140600000004,0.239690694,0.160877919,6.547491234,62.90483423,-2.779558402,44.87238342,0.004238663,2.3504302530000003,1.341573119,0.090125658,2080.531221,1007.106538,2182.324649,519.0756454,22.71950172,6.406395473,0.016435553999999998,0.040102754,3994.9172380000014,1906.442968,1.57073494,2.007421035,-0.01360542,0.08725511300000001,0.104807468,0.077309676,0.6625,0.4875,relax
174,112.3471467,25024,544.0,0.35800524799999994,0.303693039,0.355509012,0.303455949,0.214850046,0.192802467,17.87094933,150.62187250000005,3.466725106,27.71922997,0.027138287,2.8633979330000003,2.476007462,0.027521955,2850.8428670000008,1039.294716,2871.193588,390.9913486,20.88865866,6.0304545360000015,0.030472349,0.044640161,6367.110994,1703.585325,2.680580474,3.0518069860000003,0.010071386,0.094625286,0.10972228,0.087665618,0.534090909,0.477272727,relax
869,89.10290948,18965,526.8055555999998,0.413426824,0.289132811,0.482851418,0.27870792,0.250315503,0.14378971599999998,19.9907845,170.04856840000005,7.380253917,26.80872429,0.00054281,2.172927867,2.419606924,0.022645671000000003,2497.050544,809.0464214,2846.075923,359.02926339999993,19.26029422,5.538839751,0.022819841,0.03894167,5824.601727,1474.665655,2.9125910260000003,3.260055866,0.007206808,0.069698846,0.078968518,0.051840794,0.5125,0.45,relax
358,172.265625,124992,954.1374046,0.378624091,0.306654635,0.47335984,0.291693989,0.255073846,0.135169028,8.515058823,65.44725372,2.711685657,37.22236099,0.010334534,3.818742199,1.75338769,0.105935059,2534.907721,1054.795244,2652.953966,621.3913683,21.17875578,6.9989501370000005,0.021456618,0.039702445,5506.907665,2222.715177,1.920448544,2.429479831,-0.007496764,0.078515193,0.100183346,0.07513704,0.6875,0.3875,relax
411,161.49902340000003,93956,878.0934579,0.256079439,0.305478185,0.374717359,0.296412525,0.21997111,0.186938611,11.26528415,88.29448085,-1.606240861,45.52612978,0.01353326,1.853791027,1.178475857,0.11227008,1733.795532,773.0207271,2249.895675,474.0712172,23.70689422,6.639724162,0.008046584,0.032110583,3608.565282,1599.086607,1.659704059,1.939140002,0.017464533,0.099214894,0.059740966,0.06106774,0.6375,0.175,relax
905,151.99908090000002,341780,1717.487437,0.423408409,0.295723784,0.385838113,0.287529327,0.22528544600000006,0.180498757,15.14874216,133.6546538,3.876854092,31.89814787,0.009617361,2.119883819,2.14784193,0.276894569,2448.503851,784.5223584,2639.995174,469.6534365,21.37844702,7.383184986,0.018021816,0.031301454,5483.908349,1812.896374,2.478053226,2.976969685,0.012006089,0.096374738,0.08786796,0.057276314,0.575,0.475,relax
299,69.83741554,28332,726.4615385,0.336817311,0.295763016,0.413914655,0.28158619100000004,0.235122899,0.167483001,19.39995966,99.74785435,5.23166807,30.01319866,0.021967692,2.277635131,2.511867762,0.02474021,2198.332009,981.181479,2581.861511,467.1898861,21.53095269,6.086354127000001,0.014923161,0.03416425,4967.060733,1969.283216,3.06121972,3.364917376,-0.013839201,0.090778516,0.07662918099999999,0.057736319,0.65,0.25,relax
587,172.265625,231122,1320.697143,0.3623751770000001,0.284676637,0.50870426,0.25093903,0.258980776,0.127523687,3.150214472,14.47620838,-2.270101796,49.98947396,0.003203346,1.86682659,1.225063443,0.26491695600000004,1875.37055,287.9789488,2112.415376000001,281.8900078000001,19.74863877,5.855574513,0.012680638,0.021590531,3734.076622,802.2013718999998,1.5410008780000002,2.079993457,0.00813164,0.075678037,0.09132705,0.020745139,0.6,0.3875,relax
879,99.38401442,19545,514.3421053000002,0.406708483,0.293726626,0.528166069,0.283912082,0.254622164,0.136017965,13.96169196,142.35250449999995,4.018311097,45.92087381,0.02380915,2.638346321,1.41298902,0.018038452,1511.446375,821.9700224999998,2159.663711,625.2833714,20.87641066,6.166157363,0.006350644,0.032200057000000004,3210.163536,2004.032578,1.978697584,2.420622157,0.000478594,0.06440887599999999,0.049165713,0.037246294,0.6375,0.4875,relax
40,80.74951172,36010,750.2083332999998,0.311320937,0.299613105,0.515523655,0.273261747,0.256969199,0.13153008800000002,6.275990402000001,39.23815723,1.727095034,32.17509014,0.010815951,2.295528215,1.625887156,0.101610772,2651.849088,710.0416663,2827.946977,379.7251514,21.62183305,6.19989154,0.023882724,0.028251944,6042.350367,1579.177583,1.881251848,2.20213448,0.010510493,0.073303384,0.110579182,0.051917644000000006,0.6625,0.375,relax
810,112.3471467,47340,739.6875,0.30170315,0.299480801,0.468643006,0.268551788,0.254021828,0.137135861,3.775929464,22.33477769,-5.673436125,50.65611811,0.013541957,3.162772937,0.9986341,0.011554304,1874.201921,928.9784725,2137.898439,544.4583086,22.854137,6.664485924,0.012053813,0.036342073,3692.915796,1927.982873,1.297379719,1.682631009,-0.004592191,0.081843957,0.083901215,0.062228767,0.65,0.4125,relax
953,95.703125,51677,833.5,0.479836644,0.28876471600000003,0.38155829,0.305510446,0.22534144600000006,0.180428839,8.118024221,113.9120567,0.862059777,58.07058122,0.004779176,4.360276713,1.140616894,0.091182947,2092.530652,1306.917254,2364.2965440000007,847.9756295,21.02238267,7.124935258,0.016695948000000002,0.037956089,4558.340385,2761.582394,1.211560945,1.818278137,0.024912795,0.101304701,0.076332334,0.079297795,0.55,0.3375,relax
715,143.5546875,160309,1205.330827,0.315714834,0.29360224,0.530320804,0.254612319,0.262932398,0.11916328,9.760907109,46.45614591,1.728146591,31.36401723,0.011046603,1.997774546,1.839310408,0.028469309,2266.603455,607.7728387,2782.635488,378.9553264,20.59756388,5.9506993470000005,0.016497523,0.026053442000000003,5555.878611,1666.426119,2.406512879,2.542118775,0.0041284170000000005,0.070224124,0.079863314,0.031871123,0.525,0.325,relax
225,123.046875,17523,427.39024389999986,0.429618818,0.307548154,0.55781762,0.261178991,0.26873014100000003,0.105439293,17.60553508,139.3107104,2.876928867,53.15132546,0.026713129,3.80730645,1.69593811,0.037703097000000005,1684.720545,1081.715764,2201.941511,911.0519128,21.26136446,6.839859372,0.008624716,0.02340984,3899.543318,2700.431102,2.165393241,2.969980249,0.01223579,0.054152558,0.053422382,0.049409656,0.525,0.4125,relax
351,80.74951172,81972,1154.535211,0.34478232299999995,0.293152639,0.519973225,0.260199252,0.259832924,0.125778316,14.55169237,84.3556159,2.8125438010000003,37.04661152,0.012464826000000002,2.63113622,2.106848955,0.241625115,1774.9890649999998,661.0023348,2187.712058,479.3865132,21.18270717,6.173742004,0.011315218,0.027830634,3644.758244,1665.510914,2.862203425,3.360557528,0.012060453,0.062548016,0.071929827,0.036814169,0.55,0.275,relax
548,112.3471467,50089,770.6,0.35694226799999995,0.332675034,0.410065254,0.311307873,0.231608196,0.17231069899999998,14.44184762,137.4733617,0.094857371,48.83115394,0.0008748339999999999,3.573490189,1.4238802190000002,0.04033744,2128.509031,1056.461946,2573.793716,735.8447689,21.50745915,6.6086794389999985,0.011306911,0.034007058,4931.751131,2597.846579,1.666421326,2.316428884,-0.002936431,0.08853759300000001,0.063792293,0.051518259,0.55,0.45,relax
621,117.4538352,19366,461.0952381,0.252525911,0.305560165,0.400366436,0.286499525,0.241034712,0.158857171,3.359028543,31.65973552,-10.10489565,48.35758816,0.014177295,3.109968089,1.044308901,0.001208484,2348.452717,1236.604869,2453.578536,428.1108521000001,22.17150574,6.553263425,0.016884184,0.043242294,4785.403063000002,2095.914475,0.998512065,1.321886614,0.001883008,0.093690161,0.103096731,0.106406568,0.55,0.3625,relax
230,80.74951172,19153,547.2285714,0.3831092920000001,0.29262296,0.5277073210000001,0.267625483,0.263839252,0.117141718,2.419988046,15.32836399,-0.8902544459999999,38.94701453,0.013417332,1.946602473,0.956288517,0.040331226,2478.35795,516.5815496,2586.308701000001,304.4802533,20.2223878,7.460378865,0.026036181,0.037409052000000005,5582.598776,1039.081406,1.156551432,1.409652292,-0.008127142,0.060194485,0.115432436,0.047559816,0.7375,0.3625,relax
609,99.38401442,31378,640.3673468999998,0.34986516,0.293530912,0.53434315,0.265834017,0.262735113,0.119597633,15.65016618,125.4763287,3.418854133,34.800965999999995,0.019227774,2.338189779,2.121616602,0.12351457,1769.480939,570.1412838,2223.027026,407.7170556,21.50403015,7.413348047,0.009228706,0.027310671,3611.640802,1558.441555,2.988498909,3.432730363,-0.014319256,0.070639071,0.073393813,0.02808499,0.5125,0.4375,relax
508,54.97839096,25947,786.2727272999998,0.325762045,0.29593064,0.430572956,0.278962537,0.23948711600000006,0.161180814,12.70932302,85.05574064,3.883589025,41.04865081,0.016696912,3.150151859,1.889025092,0.05958055,1664.955195,797.9315429,2081.269175,484.9638325,21.1980454,6.7356815239999985,0.010735445,0.033114217,3535.256797,1708.469557,2.504622859,2.917887534,0.019120331,0.085716684,0.065559712,0.049423067,0.5375,0.3625,relax
325,184.5703125,122565,942.8076923,0.430925219,0.285639716,0.38125922,0.309787752,0.218453418,0.18870993,17.35395609,147.4091867,4.950310417,30.45680994,0.014411402,3.137036652,2.16419673,0.053496443,2610.084215,824.0019377,2837.42649,376.7260661,21.78574992,6.672238012999999,0.018972488,0.026871117000000003,6135.055891,1585.956963,2.509630125,2.977255989,0.009896423,0.099911624,0.075855277,0.052720272,0.6125,0.4875,relax
235,95.703125,19267,520.7297297,0.473477004,0.294551282,0.649850439,0.235759916,0.277971659,0.077878687,13.784537599999998,176.8274677,2.96338488,40.48674233,0.027208866,3.2030378,1.572009444,0.013451785,1984.535686,595.9319935,2371.333085,310.9192032,19.35157507,7.9145785160000015,0.012216976,0.032806356,4578.539722,1216.503026,1.958140543,2.66264704,0.018267289,0.04725559,0.07732221,0.048589559,0.7,0.45,relax
148,129.1992188,55541,782.2676056,0.234924911,0.309845411,0.348591637,0.296461999,0.220836537,0.185915457,3.592606636,44.11201747,-11.83662603,66.16421984,0.012634993999999998,2.8482798810000003,0.991580665,0.120633028,2175.396702,1050.03401,2175.514267,456.27111389999993,24.63854345,6.784030842000001,0.0076338069999999985,0.032203487999999995,4050.118673,1920.662694,0.8811388529999999,1.37592239,0.014187989,0.106758583,0.093893669,0.084935787,0.5,0.4,relax
809,61.5234375,48516,1032.255319,0.227219517,0.298936474,0.375429003,0.286736092,0.233373661,0.169911941,2.480208151,19.40196834,-13.86309219,65.97636866,0.006421564,3.077355607,0.6450047489999999,0.049988609,1633.700885,949.5293756,2075.361237,786.190865,24.18869152,6.214133052,0.0050711440000000005,0.034005791,3227.293916,2078.783184,0.78522325,1.039618006,0.003403674,0.112912223,0.056133848,0.043006593,0.65,0.1875,relax
767,123.046875,49272,714.0869565,0.377932355,0.298106657,0.480330452,0.276717404,0.250895301,0.142775632,20.33444726,159.5651595,3.835322566,30.41323701,0.020771205,3.112006625,2.900025368,0.0937071,2402.406177,899.8514002999998,2349.220591,476.6484828,21.26656891,6.991051521,0.026179371,0.053713426,4925.433791,1729.092607,3.364106276,3.855216781,-0.024087938,0.074583882,0.110875482,0.068317556,0.5125,0.475,relax
463,95.703125,60720,920.0,0.373303001,0.30759194100000004,0.566233715,0.252642593,0.273553716,0.092204651,7.585006227,55.62091807,-0.403197701,59.33255152,-0.000402954,3.124526102,1.515550256,0.311586857,1581.448437,700.8525187999999,2200.77,534.8204072999998,20.03282915,6.1153511589999985,0.008627235,0.028020771,3335.224397,1880.832573,1.6156891430000002,2.62705161,0.004006669,0.052162126,0.056967511,0.03861381,0.5625,0.3,relax
526,151.99908090000002,71608,786.9010989,0.614106,0.258169853,0.461950306,0.304534336,0.245823609,0.151340961,21.39235441,189.0680027,5.602533201,41.73084165,0.015092078,4.719356911,2.003535986,0.045524705,2328.986987,1170.105936,2637.564329,773.8355368,20.64994005,7.070849244,0.014398186,0.036530592,5393.048738,2459.247903,2.264019352,2.934215805,-0.030013488,0.078926402,0.076471697,0.071161262,0.525,0.4625,relax
979,143.5546875,42699,637.2985075,0.33285122100000003,0.288479831,0.365638057,0.283323528,0.215177257,0.192437215,5.691605642000001,27.87086431,0.34729803299999995,55.47696596,0.013827822,2.283148667,1.266002178,0.116906695,1263.298355,513.6455518,1799.338537,458.452302,24.65227682,7.423120842999999,0.002982586,0.006862859,2485.40424,1249.107327,1.611610122,2.196172224,0.011104154,0.106801837,0.051634420999999986,0.027274975,0.5125,0.3625,relax
35,143.5546875,137912,1112.193548,0.300109336,0.292919576,0.3459176,0.284992388,0.214771984,0.19288942,13.58129342,59.72089395,4.03102289,36.26642531,0.012039255,1.960522487,1.837125063,0.198783889,1779.9683079999998,702.3128592999999,2246.663713,369.0248709,24.01299861,5.596563347999999,0.006590636,0.025767598,3794.958126,1393.780882,2.523574013,2.780680669,0.013578379,0.1162989,0.071774077,0.049517961,0.625,0.3375,relax
461,61.5234375,7149,397.1666667,0.36390215,0.285934006,0.437312881,0.274773985,0.243118652,0.15564913800000002,7.878118215,47.93015865,1.997702848,40.67494673,0.029736267,2.7522541410000003,1.636776447,0.028084874,1771.146903,846.5330992999999,2228.604356,463.8527772,21.28935851,6.283816916,0.012163407,0.026459217,3722.062816,1720.32668,2.050209298,2.515633656,0.03238423,0.089443299,0.06841312599999999,0.056890464,0.6375,0.375,relax
683,129.1992188,78268,879.4157303,0.307037779,0.300745462,0.444345515,0.273234456,0.24693775,0.14951615599999998,6.640904302999999,44.02745875,-4.067246837,54.7812953,0.013463383999999998,2.532105763,1.1460462809999998,0.179466918,1446.678261,806.3224484,2014.86088,472.9409599,22.33683715,6.637159662,0.004791832,0.012650914,2829.318596,1768.549632,1.484563445,1.950332439,0.005514389000000001,0.084409414,0.052963414,0.052669624000000005,0.7375,0.2375,relax
600,172.265625,51267,617.6746988,0.304690756,0.293783881,0.388053262,0.283071889,0.225071843,0.180765038,9.316139854,44.77504801,0.6863017640000001,39.64237049,0.020945148,2.804419182,1.526586533,0.018706292,1748.11135,587.7036824,2198.996157,407.0695019,22.6558241,6.243663197,0.007713374,0.030376157,3465.9685520000007,1404.135814,2.157015398,2.428375894,0.028437113,0.100285775,0.066772071,0.031884493,0.65,0.4125,relax
462,117.4538352,22396,486.8695652,0.355757426,0.28350587,0.533601683,0.257356982,0.257228714,0.131021838,6.3121106870000006,44.28975113,0.810257144,59.81190971,0.009441838,2.701336412,1.271343112,0.001421879,1250.073345,424.5939188,1716.673055,457.0187602,21.95359421,6.882500237,0.003864612,0.013641297,2639.937447,1125.102446,1.562859217,2.424484067,0.023919289,0.058257595,0.050531454,0.017051455,0.65,0.4125,relax
544,99.38401442,154698,1432.388889,0.352697544,0.3032959,0.442860514,0.289705625,0.24363224100000005,0.154844,12.25152511,69.0259438,3.094545885,43.2009806,0.005390839000000001,3.095370454,1.89243865,0.073684104,1837.629181,964.6288534,2296.893112,590.5522547999999,21.39829067,5.93284692,0.01328563,0.030831013,3813.163869,2127.908596,2.342791374,2.962426674,0.021317821,0.086186223,0.069317055,0.058338434,0.625,0.45,relax
280,95.703125,49060,817.6666667000002,0.5283155829999999,0.277523368,0.34574726100000003,0.315147263,0.203592554,0.204654355,23.90186471,231.7667716,6.612821871,54.31571612,0.016286135,4.518258868999999,1.815257788,0.016256621000000002,1314.359772,1014.017307,1924.5689,878.6282379,22.19556073,8.440516648,0.0052331420000000005,0.036955491,2948.8467,2529.273729,2.226981319,2.997682434,0.00928691,0.111920958,0.027199262,0.024143901,0.525,0.325,relax
518,129.1992188,9998,322.516129,0.339835515,0.310739608,0.452323496,0.288882382,0.248393405,0.147085179,10.11047512,120.6572782,-4.655284063,61.7207988,0.0031492390000000003,3.494751577,1.654063702,0.04767257,1581.656663,986.331421,1873.846238,810.3581361,21.32860486,7.064997652000001,0.010024583,0.024348591,3212.572574,2284.247161,1.694990113,2.787508384,-0.014373313,0.083609828,0.06368935,0.047949542000000005,0.5125,0.425,relax
181,161.49902340000003,18028,375.5833333,0.520342716,0.27691000600000004,0.306470052,0.314847949,0.18781681,0.219221758,28.95962296,222.3525703,7.539356057999999,30.59309141,0.038507279,2.9698468030000003,2.28436327,0.021679044,2557.59524,856.0008045,2918.067068,420.2120166,21.55301476,6.362321035,0.012439066,0.040227517,6131.150586,1731.4441149999998,2.594513461,2.909063729,0.003021433,0.126412679,0.045059949,0.0310139,0.625,0.4875,relax
415,123.046875,43922,720.0327869,0.300575358,0.29486107100000003,0.469332937,0.27017578,0.25520013,0.134930452,6.957980407000001,38.93547011,-2.17482643,41.93669686,0.01874973,3.189729504,1.58862865,0.127085105,1932.761268,710.461344,2257.239986,518.1111693,21.49048842,6.080821313,0.013428212,0.025554022000000003,4033.637058,1679.4573710000002,2.038710042,2.530904042,-0.008226769,0.080035888,0.076791426,0.036752301,0.522727273,0.477272727,relax
28,83.35433468,70055,1030.220588,0.46715708,0.267129596,0.463470117,0.275831734,0.24742234,0.148712874,28.51876814,154.62558909999996,9.367662109,29.87349326,0.009568417,1.968646758,2.8837287430000003,0.058401626,1761.365712,535.2417401,2244.5060670000007,321.4572197,19.67618675,7.252268097999999,0.008534524,0.015394498,3871.888109,1198.783168,4.207424884,4.475887241000001,0.016236433,0.068209785,0.058045358,0.03719561,0.575,0.4875,relax
354,83.35433468,46691,880.9622642,0.595432152,0.284686709,0.465146712,0.28994131300000003,0.249821856,0.144645682,18.47636844,187.6317361,5.461103129,53.5982284,0.017213901,4.584704,1.478488803,0.021001283,1764.211422,1244.492574,2226.94263,897.2290917000001,20.73145737,7.167980147000001,0.010432166,0.0372205,3873.860691,2868.089487,1.824724974,2.481491249,0.047293946,0.107218722,0.043079144000000014,0.050380629,0.5125,0.35,relax
763,103.359375,61918,872.084507,0.272782985,0.292593534,0.439232488,0.265724414,0.242432215,0.156716159,22.97176255,104.8075856,2.098013943,38.9958204,0.01501619,1.810898587,1.89234817,0.0495314,1338.944808,460.2661185,2028.483888,400.3190437,22.57866998,5.91922904,0.002300661,0.004682872,2674.386072,1322.023963,2.998259938,3.13643363,-0.026254312,0.091348397,0.045133979000000005,0.014404711,0.55,0.3875,relax
151,151.99908090000002,297296,1589.818182,0.38338488,0.301993514,0.434185383,0.292921211,0.238883672,0.162073824,5.76372484,36.43962879,1.4541214269999998,39.37143577,0.007990629,2.663280856,1.3907336,0.044693172,1968.644191,698.8475792,2325.21327,399.2333532,21.26846386,6.793407439,0.014373037,0.027682181,4270.131422,1549.39547,1.70073441,2.078163525,-0.003514261,0.090201657,0.070242724,0.043217550999999986,0.6125,0.325,relax
517,129.1992188,13605,367.7027027,0.334549572,0.317281918,0.456060357,0.294069252,0.247229797,0.149032751,11.7486437,90.1340351,-3.585559575,56.88337788,-0.001845516,3.007730571,1.522628427,0.06546163599999999,2060.915073,1212.756373,2374.876224,644.4277495,20.79270645,7.500544137,0.021265641,0.05637734,4351.786673,2478.031732,1.839156082,2.65020874,-0.000947109,0.08289067900000001,0.078508727,0.090775799,0.425,0.2625,sad
56,89.10290948,21308,560.7368421,0.374212582,0.293517114,0.451757826,0.256795752,0.252730243,0.139501819,4.500515559,30.89569577,1.529199404,55.20448624,-0.004155619,4.146326658,1.4717854259999998,0.005023573,1939.111241,1162.823624,1959.252025,837.7065721,22.7214892,7.964501527,0.013979242,0.030214403,3956.779551,2368.504387,1.625127745,2.186021547,0.03378054,0.06096093900000001,0.088662255,0.071584559,0.275,0.4125,sad
801,107.6660156,50588,778.2769231000002,0.498545611,0.275134316,0.393907272,0.317415516,0.222522649,0.183894002,23.92754586,176.2212644,5.677906001,49.88934984,0.016028253,4.324245308,1.61568594,0.113014713,1864.57548,1287.889408,2265.973358,795.655573,21.7568574,7.048483281,0.010165592,0.028470447000000006,4055.44016,2570.492074,2.085654253,2.530250422,0.020641401,0.100358146,0.055181288,0.09137062,0.2875,0.3375,sad
275,151.99908090000002,72841,827.7386364,0.429611347,0.314589216,0.344857752,0.311549883,0.212035162,0.195893909,23.23243515,235.7078132,0.7813119040000001,61.36817219,0.016456717,3.31430798,1.2213017940000002,0.015737623,1195.7906779999996,971.5845686,1667.686392,756.1186349,22.83145969,7.998696965,0.005130379,0.029881984,2429.796656,2096.226953000001,1.678324888,2.302672909,0.013826014,0.112125789,0.0346492,0.050281632,0.4125,0.3375,sad
429,78.30255682,25458,652.7692308,0.420376724,0.312191107,0.475511057,0.307567412,0.250350803,0.143728247,13.19992291,152.588304,1.942148618,57.9063145,0.009140416,3.327532422,1.156928182,0.063725412,1089.650527,550.1970395,1555.487017,455.0216359,21.75877842,7.074700096,0.002604205,0.02716279,2119.655178,1324.740392,1.59294014,2.213249123,-0.002245993,0.08447178,0.039192355,0.032556541,0.4,0.225,sad
523,75.99954044,53745,959.7321429,0.413448628,0.314003595,0.45304274,0.291042581,0.242183515,0.157100217,15.71080999,169.7524729,3.927790678,42.51975835,0.006818965,3.665712428,1.690156341,0.018798292,1828.08528,1069.220792,2196.230348,645.5321777,21.01817352,6.592302318,0.016534476,0.041395295,3687.462771,2356.654023,2.165349007,2.734384199,0.017962532,0.06774329999999999,0.069810488,0.055468467,0.3375,0.3375,sad
807,64.59960938,33942,808.1428571,0.458866068,0.301076725,0.431731439,0.316526646,0.222283173,0.184183399,14.08145477,154.8173774,2.019173717,56.29307593,0.015164696,4.003936725,1.550995469,0.045839023,1507.318507,1018.186795,2163.272677,742.9882093,21.92790176,5.741000211,0.012028283999999998,0.043150429,3167.872357,2594.361552,1.611843907,2.180974916,-0.02673792,0.095544442,0.040894208,0.040050623,0.3625,0.3375,sad
60,86.1328125,49965,861.4655172,0.30904074800000003,0.295418039,0.432423865,0.27480296600000004,0.242777984,0.156179972,13.31613079,66.49665379,-1.70106182,38.51220877,0.001784934,2.3502427530000003,2.122853756,0.280821741,1917.69126,666.7553784,2335.267228,463.6346823,22.18485711,6.910455249,0.007890506,0.014382675,4211.154095,1695.371171,2.599726053,3.129926846,0.015031486,0.07617848599999999,0.075510877,0.038533442,0.409090909,0.420454545,sad
926,151.99908090000002,77412,814.8631579,0.284438894,0.295418978,0.422811237,0.286234721,0.234083292,0.16893296300000002,5.553674374,30.57218239,-0.933125512,45.26056076,0.015909064,2.6028414630000003,1.16043067,0.036371067,1761.4049690000004,777.5270486000002,2224.122468,441.2250993,22.31225589,6.45727196,0.009003421999999999,0.031776473,3767.1741090000014,1611.871077,1.525372936,1.792524632,0.010312139,0.088947649,0.065243491,0.048792518,0.4875,0.25,sad
775,112.3471467,76377,931.4268293,0.42360546,0.279142326,0.47257633,0.26987658600000003,0.247458534,0.148652639,4.47390591,24.69797402,1.162188902,33.13390561,0.016417331,2.253770318,1.595912814,0.040729739,2356.662474,629.8480238,2318.636927,399.65924,19.80926841,6.961287219,0.025252869,0.035628725,4884.103923,1284.736373,1.959129483,2.208129925,-0.008308731,0.074419787,0.111391187,0.045673119000000005,0.475,0.3375,sad
530,92.28515625,45954,792.3103447999998,0.425356496,0.315301019,0.540810971,0.275423127,0.26620382,0.111664047,8.49681258,108.6936697,-0.985010819,46.70428094,0.009906967,4.501110119,1.668371201,0.017051106,2612.579355,1512.014046,2539.269404,666.5823765,20.04741521,7.22495341,0.036340937,0.056392680999999986,5208.23019,2641.278811,1.421937514,2.239936011,-0.001255228,0.053598467,0.122802883,0.100595795,0.340909091,0.295454545,sad
366,151.99908090000002,88500,912.371134,0.655926198,0.227832535,0.286048421,0.317102375,0.188921743,0.218270265,28.26254291,241.08052400000003,7.938057924,44.73876171,0.018276726,4.520596308,1.7333214280000002,0.019295169,1754.779045,982.4217809,2348.8534640000007,740.4630975,20.50844333,6.83293683,0.00644492,0.028551778,4126.567996,2459.477257,2.152841601,2.555155537,-0.039192917,0.137754144,0.021729344,0.018917846,0.2875,0.2625,sad
47,83.35433468,37392,763.1020407999998,0.377670306,0.303561703,0.498962154,0.281522717,0.259032767,0.127418048,13.11785538,94.28987577,-1.76180326,38.67021733,0.018923897,4.17029079,2.417691708,0.180322334,2154.378668,1063.725097,2327.971619,652.3212762,21.39967644,6.961994898,0.022612985,0.035169695,4547.970567,2262.781286,2.695534032,3.4118226060000003,-0.014485213,0.068190969,0.0902179,0.066315712,0.4625,0.4,sad
5,135.9991776,346126,1784.154639,0.5415992820000001,0.290635539,0.39159674,0.31186502,0.220582591,0.186216685,21.68767694,235.7876975,4.373838721,44.84346952,0.006413739,4.6455598160000005,1.744215369,0.034893848,2208.561246,1280.254661,2432.41519,688.2444978999998,20.70269703,7.986009277999999,0.018898571,0.040839959,4795.6941689999985,2469.81432,1.980876416,2.545270603,-0.016017441,0.103379162,0.067458483,0.08012762799999999,0.2,0.15,sad
419,198.7680288,60384,635.6210526000001,0.214657292,0.29613572,0.396700918,0.277381294,0.232385652,0.17126074300000002,0.431069357,4.00886462,-15.497400099999998,70.81229674,0.010355642,1.867638619,0.257770419,0.009893881,1713.278719,601.9030834,2026.422583,434.0880774,25.06517488,12.88693316,0.003066977,0.031853713,3550.989939,1548.2987369999996,0.350960644,0.406653646,0.004456926,0.096800802,0.06407012200000001,0.034358337,0.225,0.0875,sad
684,107.6660156,47783,758.4603175,0.37295037,0.2883006,0.552628286,0.24858727100000005,0.264617257,0.115373482,14.26607595,56.09022984,3.0172456710000004,32.12108279,0.010961234,2.281105345,2.586368561,0.07473102200000001,1867.420057,460.43840430000006,2080.200271,334.62688010000005,21.0292163,6.789366874,0.011363265,0.026943095,3758.501876,1099.292055,3.632774253,3.902904785,0.012002561,0.062626787,0.088126811,0.022838018,0.45,0.375,sad
815,95.703125,34722,694.44,0.29488862600000004,0.315939732,0.360629291,0.295015797,0.221703974,0.184880181,3.4712416160000004,24.48335863,-6.891774207,54.70587604,0.015325676000000003,3.174842041,0.937231123,0.026498701,2106.257144,1142.173396,2404.364071,509.9343426,23.65282916,7.142979457999999,0.013274699,0.040950384,4408.712689,2130.400927,1.040292457,1.315587796,0.000723375,0.094029765,0.07086447,0.077619122,0.3125,0.2875,sad
946,143.5546875,93441,916.0882353,0.412020139,0.305689121,0.472119386,0.287944541,0.247299503,0.148917055,19.59033589,125.0606718,6.879087794,30.92111468,0.008039876999999999,2.7517977000000005,2.392556429,0.054947007,2339.527535,863.4922835000001,2811.11347,468.4811975,20.39088103,6.954066723,0.014667122,0.03188999,5657.300634,1989.411977,2.943773143,3.336448427,-0.004284923,0.077132242,0.070164305,0.048795416,0.4,0.425,sad
784,69.83741554,20881,614.1470588,0.508025949,0.272417156,0.379762635,0.308985733,0.221171085,0.185517343,24.23907625,215.72559790000003,6.105245557000001,45.54697548,0.00158668,3.226494236,1.967087269,0.073686033,1565.269097,881.5775372000003,2063.918471,795.4358609,20.76845084,6.4249070370000005,0.00624882,0.017132647,3422.915971,2239.626677,2.530585296,3.135082019,-0.003629121,0.100781439,0.034288087,0.025657823,0.35,0.45,sad
401,129.1992188,95238,971.8163265,0.624252842,0.23228604,0.369572133,0.308312523,0.212688576,0.19518428,37.79765347,281.7922383,8.337327497,56.17588971,0.014018344,5.987827977999999,2.049001455,0.005218339000000001,1639.046378,1257.200108,2298.305921,1000.89351,21.2490902,6.674837529,0.007368591,0.024669198,3893.220499,3116.544104,2.466724128,2.925318699,0.037990796,0.102559151,0.02715809,0.058958256,0.25,0.35,sad
364,129.1992188,153511,1237.991935,0.59203039,0.255485279,0.294124188,0.31190015600000004,0.186304208,0.220508674,23.42373008,190.6719164,8.295458879,31.33967398,0.012227518,3.795892335,2.338108063,0.049339134000000014,3024.700639,1078.346253,2978.600948,505.3102034,21.66138078,7.688635136,0.015439795,0.031392321,6545.783672,1754.997402,2.280592167,2.699801823,0.05622737,0.165235448,0.069773633,0.04227523,0.4,0.375,sad
851,92.28515625,62154,956.2153846,0.433199621,0.30634151800000003,0.5815140010000001,0.26724652600000004,0.274488585,0.089383164,23.22705572,217.7698559,4.50001845,33.48905082,0.010750557,3.157388317,2.537813663,0.153982386,2144.206544,1050.825472,2322.846925,490.4445347,20.73628582,6.980891701,0.029256191,0.05806756,4478.984716,1916.878435,3.150070238,3.922319559,0.001069668,0.048028375,0.099137107,0.094175139,0.4125,0.4625,sad
438,129.1992188,13079,363.30555560000005,0.368508621,0.307642958,0.327771079,0.298407484,0.199636573,0.20851516,7.45912853,49.63872218,3.253247848,55.64325351,0.031292882,2.997825588,1.092890024,0.000780106,1211.26546,709.1684142000001,1779.4776780000002,575.5200651,22.4179064,6.814647504,0.00551101,0.039659321,2424.069538,1642.186646,1.6120305069999998,1.936844569,-0.004875128,0.097265111,0.042056715,0.031443339,0.325,0.3375,sad
906,151.99908090000002,166277,1179.269504,0.305724127,0.294570463,0.469444383,0.265040088,0.258764993,0.127960978,4.485810508,26.85209204,-9.270679376,44.74296672,0.00741463,2.468491896,1.18498826,0.08474847699999999,1729.402185,718.3805527000002,1932.995566,542.2733203,22.29524944,8.605671717,0.00820027,0.027277555,3288.032023,1608.621537,1.6862576669999998,1.901849643,-0.009734376,0.073877165,0.08460075,0.045206951,0.4375,0.325,sad
750,161.49902340000003,139624,1049.804511,0.520774877,0.289229219,0.340083536,0.309895669,0.206411825,0.201810534,37.92640964,326.3522789,7.322404779,36.01728242,0.011225272,3.793545688,2.152277946,0.05678707700000001,2127.509675,1063.131309,2600.344686,656.2740438,20.80628072,7.051643062999999,0.008593348,0.027537825,4922.651326,2453.646808,2.669789513,3.064469768,0.017860101,0.102535207,0.039325599,0.041741312,0.2625,0.4,sad
913,89.10290948,36097,721.94,0.392358939,0.306605005,0.445191874,0.286072314,0.234786565,0.167954167,9.72393571,70.08202811,4.79425185,49.10611754,0.020039228,2.521927293,1.32438755,0.046063185,1317.534952,605.6622904,1772.413756,496.1900279,20.76577385,7.443496303,0.003897416,0.026794979,2819.020903,1432.733707,1.992763666,2.306999808,0.000343944,0.088748897,0.046726451,0.026982758,0.275,0.35,sad
894,117.4538352,47846,714.119403,0.505837864,0.281030663,0.355620149,0.303140476,0.210715311,0.19731292600000006,17.24331382,141.9900904,5.85035005,43.15858826,0.019289452,2.294853775,1.4110018009999998,0.034509912000000004,1515.402191,734.8107566000001,2138.635406,572.0744981,22.01198932,7.559854692,0.003773002,0.008877277,3313.388582,2057.856345,2.122657331,2.346021213,0.017494936000000003,0.109984048,0.035493317,0.033697747,0.375,0.375,sad
541,161.49902340000003,125222,1026.409836,0.441892279,0.318848024,0.378043158,0.318797694,0.216068669,0.191435795,18.63961168,222.16827830000003,2.768338609,50.21602433,0.016648206000000002,3.885855355,1.462729812,0.017613273,1767.1423510000004,1021.65031,2199.693806,627.4851366,21.30144997,7.53006733,0.014358165,0.044244558,3738.523126,2315.1063870000007,1.755366144,2.445528583,0.0021459120000000003,0.105301396,0.056286519000000014,0.058147828,0.35,0.275,sad
100,95.703125,52696,893.1525424,0.4453338220000001,0.28583452,0.372872419,0.300040197,0.218540366,0.18860923,3.741312066,58.96327808,-2.237592614,71.56048244,0.003321067,4.240854426,1.17534852,0.118158422,2068.1433420000008,1400.508432,2427.839908,1111.164576,20.901171,6.406194611,0.018896485,0.048845094000000006,4669.740362,3354.625222,0.8807258290000001,1.657680694,0.022300726,0.092725879,0.061668082,0.052701041,0.3,0.175,sad
916,123.046875,21367,474.8222222,0.387438747,0.294696316,0.414273095,0.29506428100000004,0.227215452,0.178063112,17.02709199,123.4884204,3.653061054,53.81470561,-0.001637349,2.507771003,1.835786343,0.210016355,1394.439413,716.3215472,1950.590941,638.2886641,22.72491845,7.448115432000001,0.006911926,0.033672977,3003.432336,1780.004107,2.313984959,2.931544262,-0.0047701,0.094929463,0.043631440999999986,0.029923659,0.3375,0.2125,sad
808,143.5546875,44947,642.1,0.375310472,0.316932205,0.471089147,0.309350101,0.24820976,0.147394873,9.498446692,155.3998557,-1.275211215,64.87210679,0.013447247,5.591721734,1.920110345,0.02854055,1605.110681,1430.719052,1781.9969230000004,1064.701105,22.72614387,6.941333315,0.021883937000000003,0.06577266799999999,3076.977698,2848.6498260000008,1.467216965,2.599798349,0.011068989,0.085030471,0.070072251,0.07413695599999999,0.25,0.325,sad
531,69.83741554,58927,1052.267857,0.414749825,0.310507592,0.467959313,0.293050034,0.248065877,0.14763689900000002,13.99161547,123.3114472,0.956604895,43.01192165,0.000954797,2.83065574,1.807255745,0.067712277,1796.781025,622.6356808999999,2047.211915,375.2375105,21.18537839,8.435273151,0.010102021,0.035186145,3690.56971,1252.3901,2.359285185,3.096633887,0.004666598,0.082701916,0.074023571,0.052673000000000005,0.3,0.225,sad
277,172.265625,34310,519.8484848,0.611042086,0.258433312,0.552847326,0.261293712,0.26247396300000003,0.120169681,24.98125489,223.6479997,8.83164464,41.14297505,0.021326097,4.367156074,2.443671465,0.009113253,2403.542551,1355.636859,2634.443414,833.0448667999998,20.03122094,6.536373327000001,0.014659153,0.021340614,5250.069283,2853.400875,2.612255661,3.230174153,0.004076363,0.062045024,0.053917373,0.041426896,0.3875,0.2,sad
992,107.6660156,66528,899.027027,0.408357728,0.307799522,0.448568789,0.293009714,0.248862725,0.146289704,1.938268376,20.35491663,-4.428803126,50.0661255,-0.002687111,4.058159567,1.025672674,0.053895228,2952.594629,920.9270541,2662.051598,392.9159241,20.6996217,6.9180708960000015,0.04681997,0.063827507,6070.44873,1585.432543,0.986931223,1.385867461,-0.009166958,0.079626159,0.143986331,0.09268845,0.3625,0.4625,sad
267,198.7680288,112180,869.6124030999998,0.450587698,0.298549944,0.411911253,0.310698903,0.222417606,0.184021037,13.42642164,147.39185790000005,1.071962975,48.23888692,0.014952245,5.369869316,2.217904091,0.115805954,2473.69248,1536.712566,2419.010441,781.8550142999999,21.12050924,7.347987839,0.026820324,0.051447269,5010.312332,2720.349518,1.89706818,2.826302744,0.001076749,0.102956191,0.08888955800000001,0.084717081,0.35,0.275,sad
61,151.99908090000002,41533,593.3285714,0.482161267,0.28552799,0.472401216,0.292031549,0.245506985,0.15185405300000002,26.63080379,168.4215789,7.637255663999999,42.28297707,0.012979398,4.595250071000001,2.274638414,0.05475308,1940.3791670000005,1077.985666,2470.623196,736.5889232000002,19.7905974,7.257296938,0.009812601,0.03353069,4431.071523,2708.711474,2.798962184,3.21858608,0.000538415,0.080701824,0.049387951,0.046614894,0.275,0.375,sad
398,123.046875,41509,728.2280702,0.505714741,0.266460895,0.346347119,0.300237979,0.210190029,0.197872395,17.59422768,131.7689575,6.17727988,51.63461085,0.023439463,5.189679262,1.939163566,0.028887186,1878.929876,1197.824989,2419.694649,934.028283,19.95718439,6.276218462999999,0.01289073,0.035977256,4322.400433,2979.233986,2.230823898,2.7934584260000004,0.002745603,0.103251837,0.040894262,0.049265327000000005,0.4375,0.4375,sad
149,117.4538352,157673,1324.983193,0.35388057100000003,0.294165565,0.354820776,0.294370099,0.213939189,0.193812685,8.559796342,46.07361649,3.887936671,39.04145244,0.009858873,2.134209862,1.677822709,0.142932817,1810.733193,612.9585461,2062.022864,437.95665830000013,22.80277436,6.452254909,0.008902583,0.030553704,3675.584055,1363.811966,2.184151808,2.532230739,-0.0052371990000000005,0.107265447,0.077615982,0.040163526,0.2625,0.3875,sad
634,143.5546875,99213,963.2330097,0.431009947,0.317977658,0.432465957,0.315755267,0.235714462,0.16664941,3.296518704,32.42584697,-2.832510971,53.15137996,0.013241743,3.911819856,0.890555084,0.028798215,2495.5834640000007,1065.611584,2559.319629,479.5955349,20.78529485,6.702636131,0.019624423,0.033121068,5126.234294,1921.62053,0.925704174,1.258303187,0.03492676,0.127407502,0.079465257,0.06358826,0.2375,0.225,sad
592,86.1328125,30313,673.6222222,0.393840882,0.308166681,0.486725795,0.279989919,0.261064052,0.123202654,8.336529491,76.51039502,0.460742711,45.59721649,0.011441963,3.074449984,1.526838899,0.120369762,1917.149187,866.2538506000002,2262.391762,483.6667889,20.41697542,6.967170257,0.014285414,0.027968049,4035.493907,1874.610955,1.8194058,2.414841509,0.006449159,0.06868584700000001,0.07087225400000001,0.055675651,0.4125,0.4125,sad
9,89.10290948,16049,486.33333330000005,0.430475814,0.30610795,0.434318355,0.30911967100000004,0.235811426,0.16651217599999998,23.81020833,212.1749187,3.060159752,28.54123316,0.03342508,3.256104708,3.0218377110000003,0.002039194,2939.282126,1054.386598,2751.091261,457.5285739,20.26811889,6.864669892,0.037127387000000005,0.058811739,6062.670087,1852.846004,3.213890633,3.67243188,0.004230001,0.09208867,0.117895582,0.078413355,0.2875,0.45,sad
694,135.9991776,31150,546.4912281000002,0.454855942,0.306001128,0.486645232,0.308941557,0.246009865,0.151038007,14.49880739,180.4421153,-1.584470772,36.19961668,0.026238835,4.581944082,2.188593626,0.011802393,3208.76674,1239.416765,2968.167893,469.2923817,19.4792329,6.139598969,0.053407658,0.067155331,6816.103228,2064.724411,2.001447141,2.964606858,0.011977036000000002,0.082612643,0.14296587800000002,0.11612418,0.3375,0.3875,sad
789,117.4538352,232164,1634.957746,0.251192375,0.292704855,0.379757641,0.287211844,0.217592398,0.189702087,0.910559725,5.440681262999999,-7.181978195,78.30125029,0.008349101999999999,1.305770763,0.388875157,0.180402324,1181.905685,308.9485797,1757.228427,307.6366545,24.28932474,6.251756818,0.001190462,0.017693872,1959.707977,785.3124816000002,0.60134469,0.843631378,0.027047981,0.098288899,0.057582148,0.018101371,0.125,0.35,sad
689,123.046875,97313,1013.677083,0.327094503,0.305002573,0.491880329,0.273238155,0.255607579,0.134156993,10.97573425,119.8415613,3.197810229,27.31990972,0.01223573,3.1489673430000003,2.241949081,0.020135939,3262.524236,965.6026012,3080.264305,353.5006675,20.19846299,6.212439375,0.04925226,0.058131021,7238.05475,1474.181011,2.124174691,2.708210622,0.027744432000000003,0.06882314,0.152127103,0.0883783,0.35,0.425,sad
595,129.1992188,80686,896.5111111,0.426050117,0.30701171,0.459563018,0.296263064,0.245197536,0.15235321300000002,12.30706619,139.4609687,-2.513469706,45.73910479,0.010447757,3.471384319,1.266138673,0.094391815,2176.179509,983.7268654,2416.058918,621.5272878999998,21.27505441,6.959610326,0.017891424,0.043192048,4707.579117,2190.703056,1.414254169,1.978757748,0.023763186,0.088259713,0.084905665,0.064632719,0.4,0.3875,sad
550,92.28515625,31215,664.1489362000002,0.438357003,0.298909374,0.382427036,0.295902028,0.228094708,0.176935405,20.33009905,117.4687545,7.762047187999999,33.59423924,0.018770886,2.996366017,2.270071983,0.02436381,2090.404589,832.0659048,2549.168994,566.9945454,20.43955411,6.034289195,0.01055201,0.02731872,4836.794327000001,1941.756269,3.004487054,3.369327965,-0.013265183,0.099393385,0.072898268,0.04708179,0.375,0.4375,sad
10,129.1992188,45657,702.4153846,0.40607917,0.295530268,0.529880296,0.273853718,0.262355864,0.120427297,17.50695186,123.8941656,3.162387065,29.75896187,0.02422664,3.454601498,2.783665895,0.041891344,2644.274587,941.8984486,2730.458058,374.9606553,20.28559687,6.435998457999999,0.029246874,0.036094036,5757.29195,1691.386129,3.201582353,3.974421351,0.01475716,0.06795754,0.108232139,0.069883058,0.425,0.4375,sad
370,99.38401442,17596,475.5675676,0.541709117,0.264593752,0.278795842,0.299489093,0.179823779,0.225824582,21.12662905,191.954178,4.957300083,42.01031087,0.027007932,4.280719326,1.860131264,0.00263077,2323.377352,1161.620528,2551.362827,717.3511427999998,21.35538305,7.310924057999999,0.01678752,0.032030564,5179.743704,2337.154928,2.09824408,2.559152457,0.06138255,0.16551541,0.057664885,0.070741567,0.25,0.4,sad
439,80.74951172,17620,533.9393938999998,0.27484541,0.312120524,0.4185208,0.289124212,0.242965808,0.155887618,8.031641901,70.91462821,-2.689280174,54.55699964,0.026876467,2.771151059,0.966263294,0.006736886,1463.629898,806.9222831000002,2063.910824,611.7269309999998,22.79726481,6.4714382860000015,0.004009753,0.011490081,2918.6670280000008,2000.777944,1.393237486,1.698989743,0.017807113,0.080771686,0.050713823,0.042741302,0.2625,0.225,sad
8,103.359375,57870,851.0294117999998,0.390945772,0.297208009,0.405228529,0.287930287,0.227550978,0.17763413399999994,22.73597519,117.34381,8.658091215,31.64917221,0.016107141000000002,3.527452654,2.8668594360000004,0.030815447000000006,2154.091267,876.7761828,2519.0756300000007,560.5177747,20.49096745,6.374227782,0.014281224,0.020651639,4787.754798,2044.999617,3.633710816,4.106437725,-0.011472276000000002,0.089897294,0.074883662,0.043810466,0.225,0.3875,sad
936,143.5546875,130887,1099.890756,0.443948247,0.304266067,0.393280116,0.302442477,0.221453668,0.18517993,9.803323399,93.06909481,0.959981122,54.63276519,0.001479444,3.254989362,1.336246848,0.092107989,1897.581219,1003.683487,2312.512362,672.11267,22.29433632,8.055415141000001,0.010748988,0.035445068,4224.757787,2333.212599,1.423376507,2.068391012,0.011801309,0.102981625,0.055877713,0.053644278,0.45,0.4125,sad
362,143.5546875,36499,588.6935484,0.5014520720000001,0.272220473,0.276324052,0.301336408,0.187089533,0.219842762,20.81759593,145.4213314,8.991958624,46.15335415,0.024894662,4.407829266999999,1.915764928,0.031642731,1529.453935,906.9620355,2205.380906,702.3137556,21.1616905,6.922386347000001,0.007496501999999999,0.034166656000000004,3440.654674000001,2356.144427,2.49130639,2.884762249,0.060229704,0.12975869,0.037546523,0.026143713,0.4625,0.4,sad
279,99.38401442,25934,603.1162791,0.633100205,0.244360709,0.353103832,0.311586292,0.217240817,0.190104604,22.03516123,202.4279856,7.087263083,37.53021397,0.026390611,4.6240523730000005,2.5279343130000003,0.035917595,2941.570753,1266.436943,2682.387113,509.1823992,21.25360076,7.399969529,0.022789124,0.046709754000000006,5875.6321579999985,1994.872879,2.275232205,2.738990564,0.079032891,0.149558512,0.0707353,0.055986191,0.4625,0.3625,sad
244,161.49902340000003,109590,944.7413793,0.5271185829999999,0.286356195,0.424691151,0.317258494,0.223497286,0.182708228,22.62135904,260.4866765,6.26911636,36.87467835,0.012472497,3.419240315,1.729489923,0.010423848,2086.767128,931.8874115,2393.050422,480.4254138,19.60627556,6.846840882,0.016128661000000002,0.031795077000000005,4525.854762,1864.143859,2.163250159,2.870584224,0.03367481,0.09921482,0.060413286,0.051486125,0.4125,0.2875,sad
257,129.1992188,171610,1310.0,0.6092342510000001,0.273755388,0.406952156,0.298551714,0.238449477,0.162711954,29.44155461,216.777803,6.5742423720000005,47.78788988,0.011682781,4.725545712,2.255529165,0.09021768,1961.386634,1036.160628,2453.717914,826.7627731000001,20.69216971,7.088686451,0.011084322,0.032735169,4718.538869,2615.551784,2.77369995,3.411750695,0.053045962,0.097614323,0.048201528,0.051496437,0.3125,0.4125,sad
252,117.4538352,36897,636.1551724,0.360014829,0.299258075,0.446472793,0.284673805,0.239879595,0.160596118,0.188036391,5.369368657000001,-8.203477018,83.83814894,0.008698602,2.630373966,0.246177286,0.055305541,1469.488577,926.8292802,1750.6554219999996,697.2999258,22.62646755,7.959222694,0.005361945999999999,0.02362963,3021.50911,1951.81488,0.241670593,0.35055092200000004,0.006969632,0.07275342,0.062188246,0.046091306,0.3625,0.1375,sad
534,135.9991776,77255,858.3888889000001,0.387795549,0.299476712,0.597421602,0.24703235,0.272164435,0.096228133,12.20957142,107.84805559999998,3.545938387,44.2827754,0.004229485,3.405584386,1.76644516,0.14393954,1629.498566,613.4157735,2000.289831,390.6661071,20.7378935,8.518973631,0.0077350080000000015,0.013597887,3446.323624,1357.080795,2.2915220990000003,3.0071516710000004,-0.0099966,0.052666738,0.06388983200000001,0.035202037,0.2875,0.1625,sad
779,92.28515625,147219,1429.31068,0.425260886,0.276146614,0.537104319,0.250158615,0.263039867,0.118925867,7.8531118389999985,32.92930429,3.972820615,22.11088573,0.008630091999999999,1.415220231,2.9194509980000003,0.115111366,3001.026893,500.8665208000001,2558.664378,335.8805295,20.83799983,8.716607547,0.049556602000000005,0.036705885,5937.327102,1198.215455,3.331418116,3.497312848,0.023486743,0.060930455,0.173609889,0.040647197,0.4125,0.75,angry
911,143.5546875,336618,1762.397906,0.483436597,0.304217631,0.358314562,0.30977482300000003,0.209033237,0.199094046,22.11846501,196.343048,4.9168575510000005,40.56164773,-0.000755853,2.971852194,1.78249979,0.35934034,2120.779234,933.2411578,2573.080568,549.472303,21.02752434,6.9123975170000005,0.011544744,0.03220135,4831.243214,2133.345071,2.181487768,2.7385534430000003,-0.017458078000000002,0.112724314,0.053029766,0.061731862,0.3875,0.525,angry
676,99.38401442,22638,526.4651163,0.526384341,0.289635404,0.419178232,0.297464832,0.232434735,0.171194121,26.89964121,189.9390886,8.391303004,28.9104638,0.032708135,3.471146142,3.146725416,0.03617429,2570.164729,852.9152052999998,2836.069523,467.3291926,19.34195791,7.046689175,0.023565892,0.050136115,6048.565001,1803.66576,3.2745269830000003,4.065522298,-0.012632172,0.08295617200000001,0.05432819,0.053806164,0.475,0.55,angry
583,129.1992188,69313,825.1547619,0.288711486,0.28886888,0.363526211,0.280234478,0.21491857,0.19272608,15.27680567,69.97766552,6.521667989,32.43755174,0.018849769,1.978769825,2.183195114,0.101988189,1932.471268,567.2860198,2282.526287,400.0644025,23.93035254,6.850055255,0.007892072,0.026697936,4244.321153,1376.412097,2.973478312,3.215312102,-0.011446597,0.108044919,0.081375077,0.039964671,0.5,0.5125,angry
671,129.1992188,41353,636.2,0.432283852,0.311828243,0.480462556,0.274132483,0.255828826,0.133734608,23.57062714,195.0303263,6.239502027,28.88609597,0.025735255,2.438763654,2.534794092,0.068187252,2666.508142,937.8217432,2873.41822,455.4277938,20.46055908,7.064020807,0.017531265,0.035725709,6182.933118,1747.5183120000004,2.877036551,3.476252666,-0.014009543,0.076128696,0.099814272,0.072437411,0.4125,0.675,angry
494,135.9991776,42049,637.1060606000002,0.407634681,0.303895402,0.470101376,0.284529274,0.25388410100000003,0.137390672,27.4434339,172.03841719999997,4.414445817,30.98782154,0.002621504,2.383072787,3.232410669,0.061967485,2545.682822,856.7845173000002,2631.480644,376.8215475,20.39421853,7.339918203,0.025460403,0.047469731,5510.861604,1614.335056,3.849072381,4.589157372,-0.002351481,0.074919999,0.097123033,0.0801196,0.4625,0.8,angry
585,129.1992188,45777,673.1911765,0.361108423,0.294435269,0.41940835,0.281360595,0.235573515,0.166848592,4.309785462,22.34450112,1.016072961,46.39384593,0.019471446,2.302945162,1.374785423,0.115363643,1776.052238,704.26329,2024.892976,484.5509555,21.62991076,6.5114253810000005,0.01117087,0.031884942,3494.9558950000005,1542.840552,1.671997724,2.130325867,0.013119967,0.088842091,0.08095420099999999,0.042643335,0.4625,0.525,angry
185,143.5546875,53757,707.3289474,0.476824751,0.284361761,0.370572096,0.326114433,0.203770473,0.204477206,32.9483653,278.25500330000006,7.681397305,29.70924695,0.009788458,3.657915601,3.463381529,0.088488303,2838.405787,1013.481192,2791.2721850000007,553.615909,21.10415713,6.730381782,0.028087428,0.042938877,6181.783406000001,2051.731968,3.54937937,4.063490758,0.021617285,0.132489928,0.101275155,0.060512649,0.475,0.6625,angry
55,184.5703125,63118,664.4,0.361805215,0.291493639,0.40591684,0.289185718,0.22842884,0.17650381899999998,15.40340864,96.41229603,6.1837590360000005,41.43445634,0.018840958,3.616625326,1.994889736,0.020794481,1746.8320239999996,851.0398051000002,2153.0097920000007,657.9211302,21.57918245,6.642336725,0.009235262,0.018254215,3608.996599,2017.189558,2.810367779,3.138309427,0.025494169,0.075882378,0.066971682,0.040487432,0.4,0.625,angry
564,129.1992188,90809,955.8842105,0.5784562320000001,0.253064785,0.470330901,0.298082207,0.25466600100000003,0.135935872,16.46675472,144.5678358,8.73093628,23.5593847,0.014546111,3.239868684,2.482079983,0.022494657,2730.227404,610.507383,2797.603318,282.6043394,17.91833934,6.463632793,0.037010767,0.043927409,6032.085462,1212.504721,2.819276728,3.233652311,0.005731332,0.068302477,0.09407255,0.047724503,0.475,0.9,angry
959,78.30255682,66987,1063.285714,0.441712385,0.281927565,0.5799867710000001,0.239673636,0.266829266,0.110161137,15.33884719,76.02542411,6.89875829,32.2729038,0.008164931,1.880702267,2.698141575,0.12265718,2092.022844,630.5920446,2329.968102,375.3186877,20.21999382,7.982637336,0.016761435,0.027673900000000005,4607.031805,1300.482679,3.451674372,3.930461855,-0.005759991999999999,0.056573888,0.090165798,0.045906048,0.45,0.8,angry
677,151.99908090000002,42981,614.0142857000002,0.582902504,0.284652956,0.290556258,0.30082844,0.18607023600000006,0.220706141,27.87304437,227.68655930000003,8.536614806000001,29.86029352,0.019956733,3.090230334,2.30920434,0.028516741,2334.162959,724.0659742,2619.837228000001,397.5055689,20.02526005,6.737529312,0.010593384,0.01505729,5228.85746,1623.431253,2.858076506,3.2608109560000003,-0.044485898,0.119665263,0.042276704000000005,0.028544564,0.3625,0.5625,angry
693,135.9991776,19528,513.8947368,0.455908386,0.314840099,0.365987051,0.306709756,0.218793379,0.188315667,24.68798906,180.7577968,5.871801197000001,32.59065044,0.039226861,4.00184771,2.864649296,0.000938058,3032.570616,1224.080132,2904.630175,524.0225896000002,20.47479347,6.996813866,0.026535602,0.047485802,6327.969057,2163.123237,2.7342847810000004,3.198060259,0.032001852000000004,0.113156959,0.091561357,0.06176105,0.4,0.6,angry
31,123.046875,12460,445.0,0.394304835,0.310638959,0.531749185,0.282456507,0.270597687,0.100549615,12.62854434,189.8899195,-6.498082118999998,45.35191057,0.020614537,5.714438942,2.166350365,0.015349388,2760.871326,1397.619359,2520.844571,570.0541045,21.0046607,7.133313987,0.032493576,0.042292412,5282.346593,2311.629596,2.003730023,3.296711682,0.008653395999999999,0.065248866,0.139060994,0.10155578,0.4375,0.625,angry
672,92.28515625,17196,491.3142857,0.422976093,0.312167706,0.363852052,0.306621276,0.207731916,0.200451452,17.38110145,118.7688992,6.715567085,36.14723157,0.025673779,2.853537464,1.622883558,0.005708277,2029.881474,749.8875451,2605.97599,494.79253,21.04157693,7.410913877,0.006883394,0.03475501,4797.75162,1904.216154,2.230958179,2.475040247,-0.006016359000000001,0.096508659,0.045170195,0.033974961,0.4625,0.55,angry
524,143.5546875,24831,477.5192308,0.405323984,0.309521301,0.5488020570000001,0.271649298,0.272739347,0.094586372,13.4266189,119.91870729999998,0.737470038,33.84266677,0.028725578,3.309277627,2.127554417,0.017594218000000002,2309.968455,987.3970135,2395.707372,534.4806843,19.53153647,7.354666275,0.029481251,0.056818821,4718.310136,2030.328149,2.7167769930000003,3.3047304060000005,0.006560046999999999,0.059903275,0.112791941,0.082399538,0.275,0.5125,angry
966,143.5546875,153526,1171.954198,0.501119725,0.310626554,0.389297291,0.30573867,0.224700853,0.181225992,16.24644378,146.5808252,2.580248441,35.90628878,-0.000453434,4.0951168089999985,2.482233286,0.134497091,3120.433649,1204.289607,2883.376456,433.8426636,20.08733123,7.195845455,0.040689033,0.059462231,6543.248227,1834.10958,2.219871647,2.92371391,-0.007113155,0.095961453,0.121709664,0.1088132,0.45,0.575,angry
940,89.10290948,146740,1452.871287,0.329988992,0.298767082,0.520829191,0.272729275,0.262927365,0.119174385,14.20700819,99.63561386,1.21929597,38.58544874,0.007173499,3.335492955,2.019514322,0.135484472,1825.149515,835.4259258999998,2086.178069,578.2619923999998,21.75332105,7.783293286,0.012576231,0.025454724,3725.743717,1883.077546,2.694766887,3.1366365610000004,0.016234943999999998,0.06866116400000001,0.076720629,0.048461183,0.5,0.625,angry
135,117.4538352,68200,863.2911392000002,0.421492917,0.284141552,0.547513661,0.261545921,0.263202372,0.118565781,9.097003069,65.41527622,5.71079297,28.24515682,0.015826913,1.858605392,1.841399312,0.035387244,2383.895138,584.5802150000002,2609.32334,334.2019938,19.76904708,6.305813125,0.024576979,0.032195706,5352.6391079999985,1334.707409,2.353910295,2.655172722,-0.0028026120000000003,0.06211455,0.098933293,0.040507638,0.4,0.7375,angry
57,161.49902340000003,128706,1013.433071,0.532044956,0.288492593,0.359807255,0.299496415,0.211375898,0.196605094,25.3470114,213.3136374,6.611951392999999,33.76490583,0.001838833,3.680778121,2.3427085880000003,0.196300343,2366.801397,949.355579,2556.596767,549.4668429,20.59651388,7.1786764110000005,0.014567378999999997,0.028691471,5149.983631,1871.396864,2.81247871,3.2229931360000004,-0.021447946,0.100480433,0.07065674799999999,0.05548714,0.3625,0.525,angry
780,143.5546875,40092,598.3880597,0.408093186,0.292231024,0.374996188,0.295272398,0.21841554,0.188753768,22.71655211,148.7768932,7.888202002000001,33.85160686,0.024161475,3.261393374,2.327939987,0.010225909,2350.26083,915.4024595,2839.914377,644.3149513999998,21.7936557,7.330066894,0.011184433,0.034128867,5661.556825,2499.462767,2.799411072,3.137770582,0.025364734,0.093792853,0.056981775,0.024664263,0.4375,0.5125,angry
521,86.1328125,114766,1319.149425,0.397145911,0.317091073,0.482404231,0.295719104,0.256223803,0.132976299,11.48819166,106.2458239,0.96097247,34.46815478,0.0076855119999999985,3.874644586,2.046482801,0.13591335699999998,3057.834063,1288.139993,2882.835549,376.3772799,20.56167676,7.04357226,0.039374754,0.057962805,6630.961326,1712.284297,1.996816607,2.712892285,0.001197595,0.074829086,0.135638208,0.119469065,0.375,0.5125,angry
399,151.99908090000002,59188,721.804878,0.397057922,0.315587245,0.5174395829999999,0.289296581,0.266437631,0.111105006,15.12874605,192.3009916,-0.323714412,33.16901372,0.011502607,3.95343992,2.269376516,0.030103471,2671.721574,1113.528207,2556.477136,517.6797263,20.69497953,7.136947299,0.036008071,0.051195942,5493.33163,2019.767849,2.400855586,3.034865629,-0.009434446,0.068023158,0.110652991,0.073116261,0.45,0.6125,angry
372,89.10290948,111737,1284.333333,0.36034662,0.31947299100000004,0.438231409,0.29230689600000004,0.252745942,0.139473374,4.37213191,39.27883277,-6.568407238,49.67643155,0.004012155,5.528231667999999,1.494200706,0.066551127,2708.722849,877.5043079,2307.014477,399.0024849,21.60345086,7.354236717999999,0.022604737000000003,0.037225839,5207.991697,1427.288058,1.540516279,2.189151161,-0.004295103,0.07976873,0.127200287,0.08121375,0.175,0.825,angry
491,80.74951172,67094,1032.215385,0.39871305,0.300616851,0.546065253,0.258198396,0.268461778,0.106120719,23.8938997,153.0065041,5.795531091,39.7429994,0.010132374,2.995303106,2.30584836,0.060766596,1520.363272,629.0406146,2027.813074,501.34972860000005,20.90848673,7.405824005,0.005121292,0.025342623,3143.108472,1562.958093,3.356749344,3.776912373,-0.006406762,0.064014372,0.054601034000000014,0.03413635,0.4375,0.575,angry
532,99.38401442,51131,811.6031746,0.40213023,0.323714707,0.453365798,0.308326712,0.25218171,0.140490991,9.422012002999999,104.0770041,-4.693612541,60.31092942,0.004858749,3.957141733,0.93601954,0.041227024,1976.4753920000005,1362.748968,2144.8944,782.9944349,21.5779263,7.260462581,0.021005245,0.056334503,3920.95455,2674.840038,1.147621586,1.752185713,0.000932059,0.084849786,0.080884281,0.08975640900000001,0.3375,0.5375,angry
319,143.5546875,41210,615.0746268999999,0.326778329,0.283019452,0.53697001,0.245552914,0.263291837,0.11836698,14.48623332,55.49489296,6.76382169,23.70713178,0.025251657,1.400040488,2.930038691,0.066482641,2457.740538,402.3731849,2549.069431,229.4935187,20.40448759,6.927702095,0.027366409,0.042168979,5212.732518,837.2156811000001,3.772536052,3.968634154,-0.007222786,0.067476838,0.115015516,0.029302189,0.5,0.7375,angry
929,123.046875,93893,998.8617021,0.447412914,0.300731743,0.433209595,0.303397849,0.241571611,0.15803952,22.13115172,155.3510102,5.866373098,51.50633362,9.27e-05,5.39589094,1.964043021,0.048210323,2210.5506760000007,1230.825746,2665.179021,684.0825769999999,20.45228784,7.890426924,0.013892829,0.035595492,5082.699763000001,2763.842097,2.251562257,2.922383545,-0.00795707,0.08125193,0.06000455,0.065587282,0.3375,0.6,angry
503,103.359375,120419,1228.765306,0.330537972,0.29654267300000003,0.437702689,0.26293057,0.243357112,0.155276042,12.66633198,72.15290821,6.730590209,22.96042759,0.010381766,1.846783418,2.414001465,0.051510215,2600.510175,610.6955138999998,2701.935884,366.7807309,20.13991634,6.715025816,0.029001689,0.030894509,5761.522418,1444.716686,2.9519132860000004,3.124021427,-0.010772823,0.076596991,0.108668635,0.039818556,0.488636364,0.613636364,angry
213,143.5546875,226718,1425.8993710000002,0.502522106,0.290295713,0.446040779,0.300179552,0.244422906,0.15359289199999998,15.65059229,230.4565798,4.487463017,40.68752051,0.009785686,3.8426903,1.964719772,0.242856249,2396.4707,1083.747239,2293.982549,494.1793376,20.03979422,7.926661648,0.026833067,0.047342073,4690.537144,1874.941129,2.151953394,2.8881759330000003,0.026383098,0.077007109,0.103206523,0.08015297,0.3625,0.5625,angry
434,73.828125,22485,642.4285714,0.348835558,0.3117319000000001,0.462367309,0.290375258,0.252818884,0.139341112,9.833612712999999,85.00615601,-0.001466383,39.31644056,0.011119255,2.716210749,1.622123718,0.073586278,2140.321464,612.3906238,2527.903874,437.5290562,20.93431882,6.464947799999999,0.013850541,0.032836866,4866.044896,1633.200999,2.002873274,2.6467461180000003,-0.011511015,0.077517958,0.080134367,0.033936198,0.3875,0.5125,angry
52,135.9991776,45558,660.2608696000002,0.385232389,0.310084863,0.400075598,0.289464442,0.234419623,0.16846594199999998,20.50682045,162.0666582,1.186049034,31.27315729,0.022585302,3.1892441560000004,2.406157494,0.13719710699999998,2860.868287,1052.2283,2802.064141,413.7995509,21.53151925,7.0423694060000015,0.024781255,0.037753537,6203.970289,1755.0189719999996,2.537271831,3.285363638,-0.009552425,0.091910143,0.10263146,0.09192609,0.4625,0.5875,angry
6,143.5546875,42379,623.2205882000002,0.566550899,0.25282322,0.335957029,0.30310398,0.200151126,0.208021298,19.77009588,160.41649719999995,4.998831395,42.2018048,0.004053976,4.350685307,2.510212898,0.138669997,2507.5977,1118.826272,2501.780486,628.5347297000002,21.40875333,7.861939238,0.021821195,0.048385419000000006,5198.751057,2224.805582,2.572014255,3.284027345,0.024729781,0.114717085,0.087749908,0.06483127,0.35,0.5125,angry
935,129.1992188,101334,1013.34,0.434432652,0.292522706,0.466019873,0.291660863,0.250403586,0.143636269,21.77493465,171.64570030000004,4.55335949,37.94119641,0.011679239,4.384933622,2.682689667,0.088121928,2370.370298,1240.553117,2571.190161,738.6618391,21.17211545,7.241489692,0.021948637000000003,0.047497038,5252.534642000001,2485.662163,2.926938307,3.731695451,0.017863913000000002,0.081994093,0.086420963,0.06590620400000001,0.386363636,0.511363636,angry
757,103.359375,50101,795.2539682999999,0.332155629,0.296457729,0.493281999,0.281047518,0.249671231,0.144905519,14.13215468,83.71938420000002,5.754652195,26.45758134,0.019181846,1.723786146,2.225756407,0.121562921,2419.107476,604.4503879,2551.501953,287.7530557,21.93847377,6.312991621,0.019304391,0.032919679,5118.320199,1204.449658,2.8050617630000003,3.026891582,-0.005019355,0.074095915,0.098179387,0.0410732,0.375,0.6625,angry
857,92.28515625,60037,938.078125,0.500982952,0.29451903100000004,0.518043487,0.284062726,0.265757511,0.112722131,19.52620738,165.3980221,4.285286029,26.04762123,0.015877798999999998,3.711986871,3.0780732630000003,0.056371275,3241.840105,1158.333457,2919.149471,373.0199687,18.98676041,6.985684481,0.053472586,0.06658978,6742.591484000001,1569.383724,2.981747819,3.536710372,0.016340098,0.067340594,0.13903644099999998,0.106667759,0.2125,0.675,angry
393,161.49902340000003,33868,521.0461538,0.450485219,0.278124186,0.444210589,0.27664029,0.242016234,0.157357795,17.34203271,135.5458235,7.511759377000001,29.09726563,0.033719057000000004,2.573561602,2.820149422,0.028522877,2283.677538,708.5724644999998,2253.228027,404.7167104,19.07940041,6.266715698,0.028440213,0.050610967,4539.295011,1459.063432,3.569380217,3.943941417,-0.009667837,0.07286758,0.102525939,0.050908088,0.4625,0.5375,angry
842,135.9991776,128531,1098.555556,0.33776657200000004,0.295575075,0.412552004,0.263484528,0.236811775,0.165086391,15.85191209,79.58721431,4.6941941,32.70437675,0.005710177,1.789839987,2.374735355,0.123618931,1920.723435,465.7475406,2239.626941,303.867786,21.86771433,6.431389874,0.008485439000000001,0.022791194,3926.659307,963.3413288,3.307944157,3.600544376,0.008818538,0.091823173,0.083646585,0.032874367,0.35,0.6,angry
769,83.35433468,32282,733.6818182,0.364322455,0.291125046,0.523925285,0.259969706,0.261017983,0.123300227,8.51036764,66.27480855,-4.092912792,34.99588359,0.016959438,2.813376057,1.949741364,0.03939496,2550.548055,1062.054976,2642.046001,500.6294734,20.91518982,7.1462518070000005,0.028059341,0.043593492000000005,5403.945336,2062.460711,2.186102805,2.761415431,0.003939252,0.072650311,0.116140993,0.084606435,0.475,0.525,angry
179,143.5546875,53757,707.3289474,0.476824751,0.284361761,0.370572096,0.326114433,0.203770473,0.204477206,32.9483653,278.25500330000006,7.681397305,29.70924695,0.009788458,3.657915601,3.463381529,0.088488303,2838.405787,1013.481192,2791.2721850000007,553.615909,21.10415713,6.730381782,0.028087428,0.042938877,6181.783406000001,2051.731968,3.54937937,4.063490758,0.021617285,0.132489928,0.101275155,0.060512649,0.3125,0.7375,angry
594,129.1992188,184263,1375.097015,0.486570123,0.284809033,0.31421727,0.317803825,0.194877252,0.212969927,17.92446824,165.8687052,6.882801371,38.38983771,0.007782619,4.8232272830000005,2.111172438,0.05977425400000001,2723.70308,1157.259309,2988.107395,561.3988864,20.27003573,6.406168002,0.018142184,0.032559175,6185.724899,2309.00372,2.093538324,2.738208302,-0.018026043,0.13083378,0.058342528,0.048073541,0.4375,0.5125,angry
786,129.1992188,159591,1297.487805,0.474588619,0.293120062,0.527452933,0.275982834,0.26678623,0.11026532,22.564346,182.6043997,4.473646533999999,36.53236583,0.004938037,5.016312094,2.588050842,0.042080287,2629.229373,1518.097943,2533.89824,528.8302269,20.02204747,7.697970216,0.037677098,0.067164138,5269.239754,2449.671183,2.657787068,3.373765087,0.006391071,0.052100361,0.112755772,0.125797098,0.45,0.725,angry
540,117.4538352,89611,1041.988372,0.40187865,0.309892029,0.398173412,0.296904236,0.227182925,0.178104609,13.60931913,157.7200235,5.812935948,37.02909864,-0.001040675,3.387824479,2.335914612,0.092918575,2348.742333,966.2529145,2551.414178,571.5739413,20.46336926,6.863982287000001,0.02616081,0.044697784,5108.630094,2106.140945,2.436855866,3.2475014580000003,0.002401705,0.09632602,0.091570305,0.056302272,0.3875,0.5125,angry
32,117.4538352,43308,687.4285714,0.278938984,0.305750932,0.346585837,0.286657781,0.208652443,0.199493086,11.85691109,70.31181625,3.907958266,36.2183494,0.021804263,2.117335906,2.080017805,0.074808486,2263.143462,683.6374332,2438.381203,401.2200952,22.83774554,6.664711099999999,0.010931588,0.029000463,4683.699997,1512.805173,2.516574067,2.889138162,-0.024655626,0.108328543,0.094501351,0.043888223,0.3875,0.575,angry
749,103.359375,69073,986.7571429,0.450808771,0.306520062,0.464241139,0.292560861,0.254218013,0.13677183699999998,21.7606787,294.8976761,2.932315564,42.01221818,0.01116006,3.599661597,1.6383790969999998,0.040821817,2008.202194,1055.197995,2397.906508,671.7754842999999,20.80527728,8.45327862,0.012700685,0.030820813,4612.438171,2335.736952,2.013958194,2.676037147,0.017873276,0.070643513,0.069129101,0.069946776,0.4875,0.525,angry
969,112.3471467,161718,1382.2051279999996,0.357424015,0.31418322600000004,0.526274835,0.285888269,0.266386158,0.111228361,7.921219076,86.00058388,-7.969950763,48.74224270000001,0.000305032,3.391238557,1.804371834,0.178367645,2330.557974,1069.211046,2283.636907,755.8138971,20.95295357,7.322986179,0.031216111,0.050743882,4723.472569,2347.389331,1.691386221,2.636270406,0.016616032,0.067392211,0.115580248,0.07560754,0.175,0.5125,angry
611,107.6660156,10694,356.4666667,0.372767203,0.315645489,0.5186473970000001,0.272642065,0.270528622,0.100735286,13.81615259,155.6311301,-4.194668234,32.53551386,0.046593719000000006,3.2473257330000003,2.331469297,0.15857172,3148.856049,859.8717707999998,3100.295724,202.6198427,19.49502626,7.39971684,0.042399425,0.058316499,7347.325462999999,867.3976618999999,2.166313022,3.062020493,0.016994507,0.069063937,0.129099168,0.086843185,0.475,0.675,angry
222,172.265625,73740,744.8484847999998,0.36879439,0.283310913,0.469880365,0.248586145,0.250670503,0.143169941,9.770966791000001,36.66713534,3.307936278,25.88920712,0.018984043,1.736262259,2.499520779,0.039851163,2472.545993,554.9729725,2548.469404,321.0003287,21.40127447,7.3646891289999985,0.025560006,0.031162204,5445.972522,1398.132397,3.1706956010000003,3.31350019,-0.008179413,0.080142638,0.122230362,0.039817679,0.35,0.6625,angry
228,123.046875,10776,336.75,0.485563324,0.283158908,0.5340795429999999,0.25028141600000003,0.265534829,0.113245697,4.787946644,27.56452337,4.34850737,45.23122097,0.042346458,3.277572462,1.524085045,0.074823022,1754.699929,779.0035634,2107.510937,643.5372172,19.40676671,8.273482787,0.014073323,0.03509856,3741.74462,1809.460321,1.828331145,2.396573426,-0.002068476,0.052289361,0.068673119,0.042623745,0.425,0.55,angry
224,172.265625,34284,527.4461537999998,0.611921697,0.258495817,0.54387789,0.266257228,0.260494509,0.124402347,20.76095208,192.3198297,8.271129025,42.95499424,0.0211894,4.396659384,2.204507113,0.00834912,2381.566405,1351.7405199999996,2624.519572,837.4865949,20.13978864,6.511022064,0.014420037,0.021211546,5213.40464,2858.177368,2.353083735,2.96334262,0.010545731,0.064879492,0.053343313,0.041664256,0.5,0.5875,angry
673,143.5546875,193826,1327.575342,0.33621417200000003,0.308621666,0.478744674,0.278072243,0.253670483,0.137784685,8.489705588,96.83942362,-4.354952208,44.60942412,0.01024495,3.034098163,1.858553529,0.586138546,2740.588031,1118.857981,2626.751119,484.2134884,21.286736,6.746085093,0.034121834,0.052015755,5713.837755,2046.492069,1.7437148340000002,2.726550568,-0.01887018,0.075746138,0.132983799,0.096708436,0.2,0.5125,angry
957,135.9991776,35011,583.5166667000002,0.344908692,0.30794207,0.434360259,0.287310479,0.245297745,0.152191819,18.77762975,142.8018915,0.482073545,30.283906899999995,0.022711714,2.7828137139999995,2.285780191,0.09226732,2561.085613,745.8763085,2767.170709,411.8817868,21.43336495,6.824317578,0.015833635,0.026845789,5975.4103909999985,1625.447752,2.646775417,3.154679601,0.011756915,0.08688298400000001,0.095507893,0.052860975,0.3375,0.525,angry
796,135.9991776,46262,660.8857142999999,0.504626514,0.292020761,0.405072301,0.315578734,0.224670227,0.181263958,24.01176281,192.1136933,4.988235595,25.57390866,0.023859826,3.293343369,2.945795298,0.049868055,2859.426448,1001.532485,2702.678978,390.9135429,19.61513738,6.848030821,0.043844711,0.070400223,6016.806973,1653.672936,3.177035043,3.736453161,0.034982112999999995,0.097080689,0.104639366,0.098742741,0.375,0.6,angry
445,117.4538352,65945,845.4487178999998,0.365240604,0.299037277,0.435186251,0.271093324,0.240136015,0.160212445,16.50770297,80.48462358,6.668301744,34.4693526,0.016465542,1.664911391,2.7110157010000004,0.29925099,2226.181023,794.0398725,2544.955805,532.9206361,20.57477842,6.451619012999999,0.021191174,0.032431718,5140.65591,1848.7567420000007,3.322967492,3.790563039,0.010414796,0.081330906,0.08989243699999999,0.042895131,0.4625,0.5875,angry
90,123.046875,50183,727.2898551,0.421200973,0.29732126600000003,0.411225916,0.30097727,0.226822489,0.178563412,18.25575181,128.5384128,6.544786317000001,22.44932823,0.006576227,2.041121988,2.608478546,0.026057191,2688.324289,534.5229701999998,2839.566038,218.8416939,19.33889981,6.129010469,0.031546131,0.033712782000000004,6226.541872,1001.017847,3.098047008,3.46878472,0.01729682,0.08603132699999999,0.088810561,0.049590112,0.4875,0.65,angry
367,123.046875,41485,669.1129032,0.434792584,0.293877402,0.368547901,0.31667952,0.211227972,0.196764014,22.7093909,172.8876157,3.779384458,25.42906335,0.020014306000000003,2.736437633,2.744983912,0.107515089,2618.951938,608.6716336000002,2709.742768,246.6728411,20.17138964,6.704688137000001,0.026159814,0.043490227,5893.138375,1069.112662,3.19119571,3.76489389,0.041072812,0.095215362,0.088549451,0.056946773,0.3125,0.6125,angry
522,129.1992188,133222,1168.614035,0.457820476,0.30889562,0.4299829020000001,0.30862572,0.237461512,0.164150431,18.25870913,154.61998880000004,3.47842031,40.98417136,0.007952953,4.27934252,1.982176185,0.06336285900000001,2258.880773,1234.2259800000004,2356.438993,645.6015221,21.96262445,8.5483413,0.017790614,0.040501513,4684.521516,2337.403661,2.338813753,2.9934098280000003,0.021197279,0.096179229,0.080468666,0.084769455,0.4625,0.5375,angry
730,107.6660156,118555,1209.744898,0.4616613120000001,0.294619877,0.493224411,0.266411891,0.261347345,0.122600565,16.76699516,145.27605549999996,1.312171487,56.9144156,0.00696191,3.029175224,1.331694126,0.111236781,1180.358694,757.9065186,1787.5371079999998,732.5194464,21.74170971,7.294467337,0.002056367,0.005699473,2326.1345260000007,1998.8460760000007,2.013930633,2.433945941,0.017723585,0.070657285,0.042027585,0.036130284,0.575,0.55,happy
629,151.99908090000002,42841,603.3943662,0.474271546,0.28569707,0.367580694,0.28993989600000003,0.220661452,0.18612323,22.56513278,172.3403878,6.8278156260000005,32.85823536,0.022218739,3.458533011,2.287005663,0.041787226,2148.802123,800.0932856000002,2476.328153,501.8144353,20.79985257,6.854891382999999,0.01232993,0.03400657,4830.3257170000015,1814.477571,2.860295743,3.324808983,0.017606915,0.096271509,0.074852112,0.042765512,0.5625,0.7125,happy
643,184.5703125,38451,526.7260274,0.432757352,0.289826623,0.386787575,0.301039708,0.223303158,0.182945438,21.98305849,158.44955430000005,3.080398913,36.57791451,0.019986276,2.73636255,2.210361004,0.007362481,1994.152882,799.8139654,2331.189753,466.8306449,21.65497969,6.668886975,0.012080219,0.022533102000000003,4113.579662,1894.794921,2.917305073,3.3839402460000003,0.012305482,0.101377502,0.070224364,0.055820578,0.5875,0.55,happy
950,103.359375,98836,1098.177778,0.430630443,0.302412005,0.39247007,0.326050833,0.218193068,0.189010895,16.06462581,129.958417,4.8273842060000005,29.48524416,0.010409525,3.970255951,2.6352581980000003,0.149307504,3320.03968,1142.261355,2903.192675,357.7856943,21.76800667,7.471978806,0.039800014,0.056105863,6813.313886,1490.591301,2.415256832,2.997321955,0.036731961,0.08904093199999999,0.15485572,0.139541355,0.6875,0.7,happy
883,99.38401442,16750,465.2777778,0.565337587,0.24672241600000006,0.5722663170000001,0.244687971,0.27170423,0.097519971,18.13633435,113.96389109999998,9.543145784,19.62096849,0.036222258,1.98020944,3.70324707,0.018877387,3154.339632,595.2589682999999,2838.623288,249.7915796,18.37819585,6.560390054,0.05969111200000001,0.055052795,6556.713019,1011.805566,3.912739625,4.307334737,0.0008157560000000001,0.045119306,0.138716077,0.054933045,0.725,0.8625,happy
212,172.265625,128437,973.0075758,0.446807778,0.282917814,0.400420511,0.294229154,0.228734118,0.176108025,30.06538987,203.5476351,9.903725493,23.1586687,0.013777917,2.175814634,3.352648735,0.089559935,2490.018326000001,643.1779589,2668.470861,394.9255319,19.42045167,6.337492786,0.023225974,0.022405345,5498.6549,1564.178393,4.169936297,4.493596319,-0.005167775,0.092933998,0.08083357,0.03508179,0.6,0.6625,happy
511,135.9991776,75875,843.0555555999998,0.39065519,0.288771502,0.645324198,0.223418775,0.28042102,0.068537471,13.47521081,58.40483518,4.863709137,23.28394483,0.011330618999999998,2.002085205,3.128032207,0.026645552000000003,2607.559745,450.987853,2547.707711,299.8162061000001,19.67131523,6.824368454,0.035905309,0.034280069,5415.417895000001,1173.167291,3.873214729,4.257405813,0.004752021,0.042445398,0.13256256,0.031467067,0.7375,0.6875,happy
180,80.74951172,7746,352.0909091,0.32205932,0.30349152100000004,0.377927654,0.299979844,0.23205052,0.17171455800000002,23.21873657,164.8007478,2.658463915,34.10772603,0.01776179,3.284729264,2.3612055780000003,0.012137175,2141.034238,894.7539854,2449.586828,520.9996137,22.54177495,7.467708214,0.015458463,0.038368069,4622.207226,2073.6841440000007,2.903529675,3.427329084,0.022774468,0.094555209,0.0696033,0.052947734,0.6875,0.575,happy
561,129.1992188,121826,1117.669725,0.424451972,0.281600764,0.5574431329999999,0.251031051,0.271864454,0.097072406,12.22166622,62.56839472,5.013349324,29.86386669,0.009568627,1.841607973,2.689808846,0.065226242,2517.343421,542.3880202,2575.250728,347.0177912,20.1201615,7.078126788,0.030032733,0.031656008,5439.827840999998,1247.030165,3.306016887,3.742053076,0.004918903,0.056862371,0.117353237,0.03971688,0.8875,0.825,happy
93,107.6660156,210351,1581.586466,0.303798457,0.296270541,0.489974938,0.260736124,0.254666422,0.13593508199999998,7.167474342,36.42870834,-0.33774436,42.69150024,0.0006034009999999999,2.195892232,1.864886642,0.308989793,2226.802717,647.0986884,2364.558896,398.8661956,22.43345584,7.446455804,0.016866811000000002,0.047629427,4759.130479,1442.35865,2.2700007280000003,2.850873054,-0.01260729,0.06941856099999999,0.108920414,0.050627015,0.65,0.6125,happy
203,80.74951172,36423,758.8125,0.363700825,0.281046473,0.5024815979999999,0.26025587,0.258652005,0.128189211,19.2867507,71.54273898,5.862544441,30.573160700000006,0.019682881,1.634215683,3.551117897,0.059784319,2446.840286,540.6142427999998,2556.397379,342.5271484,20.59591878,6.349951742999999,0.028340712,0.033208951,5352.061691,1261.258126,4.396860943,4.8424057110000005,-0.009767626,0.073574045,0.118590405,0.03848186,0.6875,0.775,happy
765,78.30255682,68009,1062.640625,0.409121913,0.30296316,0.485306224,0.298064824,0.251850242,0.141084333,16.0451899,101.0988136,6.510008125,28.7448848,0.012614646,3.374248638,2.802752733,0.113039374,2732.588943,870.1150469,2854.456883,333.9913087,19.81885992,7.388866106,0.033736795,0.045177642,6203.260386999998,1429.270225,2.934913009,3.658624053,-0.009568723,0.07642510799999999,0.099150989,0.063717731,0.7625,0.8,happy
573,117.4538352,236460,1597.702703,0.448542121,0.289853355,0.5042888320000001,0.270599924,0.257280938,0.13091926,18.23681133,105.5599325,7.220499696,22.73160694,0.002025893,2.144556206,3.162599802,0.150450423,2697.562832,583.1756329,2770.440943,348.9848898,18.63520361,6.079254477,0.034922127000000004,0.028116439,6001.372749,1259.111948,3.770557383,4.232839747,0.007933805,0.059807763,0.113204914,0.049497130999999986,0.7625,0.7625,happy
156,83.35433468,116232,1351.534884,0.287077118,0.305507824,0.404566297,0.288201935,0.232086099,0.17166646800000002,15.80189563,95.35630628,1.1032579,43.56597947,0.005549799,2.58329873,2.1921021940000003,0.235453352,2045.7511600000007,800.860103,2337.096009,517.7260061000002,22.26832611,7.100623569,0.009787815,0.020034973,4258.589461,1879.504548,2.74860513,3.482189844,-0.03506868,0.091448058,0.08886161199999999,0.055251824000000005,0.55,0.6625,happy
46,143.5546875,104146,964.3148148,0.381375713,0.3012245,0.53820795,0.260931159,0.268088452,0.107060334,28.00261592,174.5192482,6.132580499,29.11715944,0.016491612,3.816921122,3.357467413,0.130748108,2458.433112,912.327731,2544.089354,510.8012116,21.48485455,7.632211412,0.024142165,0.046915818,5266.494254,1889.039371,3.897807709,4.607657449,0.003112162,0.068313323,0.095908505,0.059468969,0.575,0.8375,happy
668,103.359375,16953,458.1891892,0.340323562,0.296517322,0.456344597,0.271183309,0.244376755,0.15366631,4.308660626,22.11255181,-1.153548289,25.82550441,0.03294051,2.434871509,1.991133451,0.00633496,3306.088713,1072.4228050000004,2793.458582,390.2445347,21.40845288,6.467464193,0.056570761,0.063579306,6653.651341,1653.757504,1.924825405,2.166434513,0.010849903,0.07652523900000001,0.17946081600000002,0.099486174,0.65,0.725,happy
318,92.28515625,34746,723.875,0.486661638,0.283264722,0.416089842,0.303144732,0.23637256,0.16571465300000002,24.49994793,193.3196301,6.196930084,23.42637469,0.021966703,1.978135288,2.97342515,0.045440007,2794.366722,452.2658169,2860.557914,260.741179,19.73698048,6.382043412000001,0.025508184,0.031693477000000005,6249.02174,1009.593436,3.4778626910000003,3.883292685,0.029714704,0.08850062800000001,0.081428442,0.039817087,0.825,0.725,happy
710,103.359375,63963,888.375,0.499581152,0.291003314,0.560535115,0.278338515,0.269188182,0.104264356,20.62273266,161.5134621,6.386645729,24.87374647,0.016374074,2.53554845,3.006801605,0.140444249,3030.089239,793.1145701,2887.92109,351.5539415,18.80649341,6.525159971,0.043195955,0.046904575,6538.073791,1335.177494,3.143802996,3.603612397,0.004738266,0.058109347,0.104622414,0.07188394299999999,0.775,0.7875,happy
15,135.9991776,53450,712.6666667000002,0.315837187,0.288359177,0.457349895,0.272947643,0.247120098,0.149214579,19.22804947,80.58339903,5.394819554,29.63274887,0.014517076,2.130543579,2.671520948,0.043364495,2167.947987,757.5798647999999,2448.492583,408.2809149,22.39722749,6.43754555,0.013123773,0.017348163,4710.4893729999985,1549.851903,3.46076091,3.762550315,0.010598631,0.085331807,0.093003505,0.048554886,0.6625,0.6125,happy
699,89.10290948,60831,935.8615385,0.366085739,0.299625039,0.477352501,0.27823063600000003,0.250882522,0.142798086,13.69197348,145.0374636,-1.403745672,48.06449329,-0.001024067,1.771664334,2.593750477,0.413784266,2627.262623,1141.654267,2449.467826,823.2172026000002,21.49504297,6.604556286,0.042774893,0.061483368,5475.005244,2535.528337,2.330704637,3.175104714,0.004022348,0.070193728,0.127330957,0.074515593,0.775,0.7125,happy
207,123.046875,41744,652.25,0.409952779,0.27186055,0.617641453,0.214424704,0.275367969,0.086636108,7.734830907999999,32.86356409,2.133171247,18.62627864,0.027493823,1.285563538,3.5541985030000003,0.147786826,3818.997871,403.6781684,3076.826808,146.5997334,19.34822175,6.289598082,0.111624666,0.045517202,7880.216118,725.6979278,3.295742125,3.495600662,0.003790633,0.052149032000000005,0.246240942,0.045584749,0.7375,0.85,happy
967,143.5546875,153526,1171.954198,0.501119725,0.310626554,0.389297291,0.30573867,0.224700853,0.181225992,16.24644378,146.5808252,2.580248441,35.90628878,-0.000453434,4.0951168089999985,2.482233286,0.134497091,3120.433649,1204.289607,2883.376456,433.8426636,20.08733123,7.195845455,0.040689033,0.059462231,6543.248227,1834.10958,2.219871647,2.92371391,-0.007113155,0.095961453,0.121709664,0.1088132,0.5125,0.675,happy
168,143.5546875,163479,1219.992537,0.34162067,0.283600415,0.468242556,0.26623578,0.247675625,0.148290654,17.16596029,68.17461389,4.116541072,35.56267947,0.004269785999999999,1.875303864,3.149506569,0.440497786,2192.304388,814.4636489,2336.557759,668.2033195,21.42754996,6.7717826410000015,0.024299067,0.031428202999999995,4844.112178,1882.588407,3.730511214,4.272331274,-0.005534321,0.074469521,0.099116525,0.042149010999999986,0.625,0.7125,happy
472,103.359375,114193,1202.031579,0.364693635,0.296898159,0.40176666,0.28631171,0.234857828,0.167854502,13.18795373,98.89963512,1.78468975,23.23457718,0.009339628,2.701825476,3.056533337,0.096882932,3369.32768,963.5857002,2919.875088,281.5206759,20.09201365,6.551747555,0.064307466,0.06974861,7032.089403,1281.830199,2.90241249,3.363056957,0.011215196,0.087665536,0.15925088699999998,0.096560513,0.6625,0.6125,happy
431,86.1328125,13871,462.3666667,0.521394674,0.308476377,0.375164857,0.321201985,0.215238954,0.192368204,19.72371173,162.1408767,6.451494066,46.1649992,0.029736255,3.906383263,1.618583679,2.59e-05,1522.869195,738.8468821,2070.747706,543.0591724999998,20.31637323,7.08290514,0.006835811,0.037194218,3340.287135,1788.814523,2.164480663,2.713479198,-0.008975038000000001,0.110939763,0.031902241,0.029979706,0.6375,0.525,happy
932,103.359375,57340,895.9375,0.397112201,0.31083054600000004,0.542492551,0.287558465,0.265038629,0.111287888,17.33610672,139.3005845,3.3709942660000003,41.3216993,-0.001523569,2.717672262,2.290542364,0.077187881,2261.637365,841.2196156,2565.418451,557.2746905,19.58681995,6.351905617999999,0.04959055,0.168383509,5113.749802,1789.4583690000004,2.721199459,3.4502724380000003,0.006023973,0.061647368,0.076233135,0.05529989,0.6625,0.7,happy
162,103.359375,70026,946.2972973,0.32182878600000003,0.286348947,0.483916294,0.267870736,0.258256495,0.12898417,16.42611361,87.80479484,5.510309397,24.46415361,0.015312481,2.179341583,3.213057995,0.07276821900000001,2734.691578,735.3777126,2657.5726050000007,380.7758003,20.95050451,6.968362224,0.039842263,0.050865162,5770.534174,1612.28495,3.668619552,4.066957466,0.011951461000000002,0.068598975,0.13453175,0.052690628,0.7375,0.875,happy
799,129.1992188,334653,1818.766304,0.29374637600000003,0.299260889,0.49652475,0.25530056,0.258403982,0.128688443,20.66833924,119.2959763,4.453717926,37.81844653,0.002068632,1.759395628,3.264947653,0.428269863,2338.687951000001,940.8122603,2420.935896,753.9062784,20.48667464,6.546177813,0.026507506,0.034867886,4941.472107,2186.616653,3.810016488,4.467596505,-0.010615917,0.07055090900000001,0.109783306,0.054761447000000005,0.5375,0.7625,happy
788,172.265625,472946,1891.784,0.422869501,0.29204052,0.5275137089999999,0.276178614,0.25816441,0.129168381,12.40300023,96.48414463,4.300663782,32.00761153,0.005410575999999999,2.259111468,2.443144798,0.255452991,2482.526139,816.927727,2497.451729,447.8220275000001,19.60479777,7.497280889,0.033543162,0.045295995,5298.161722,1611.528925,2.735644079,3.451890263,0.003459087,0.067515166,0.112240819,0.070101466,0.525,0.6125,happy
18,161.49902340000003,145773,1138.8515630000004,0.435363554,0.306064264,0.526469814,0.26984086,0.25892465800000003,0.127637592,19.70853908,154.2847079,5.456176188,35.92081751,0.002819217,2.452262752,2.419555187,0.059261028,2391.922075,796.0198033,2669.307243,315.5638303,20.05240281,7.40510955,0.020070214,0.03595864,5510.022049,1368.627437,2.953203392,3.582960522,-0.001803146,0.07159312599999999,0.089495289,0.083843726,0.8375,0.8,happy
457,117.4538352,48174,719.0149253999998,0.368839292,0.310676073,0.523651445,0.260286875,0.264691124,0.115203916,14.60453243,127.6902297,2.133224611,34.09591724,0.014890607,3.401664294,2.680518389,0.052300856,2701.793523,1171.957011,2682.1666170000008,696.339018,20.97618466,6.3993653020000005,0.031875111,0.051992264,5739.604789,2414.904296,2.730006799,3.440369516,0.001241409,0.062929706,0.124361837,0.072465109,0.7875,0.6625,happy
839,112.3471467,83740,985.1764706,0.335494489,0.28689976100000003,0.508013221,0.252355644,0.259008958,0.12746643800000002,9.988197117999999,43.66174859,3.4130865710000005,26.64472555,0.018033884,1.7528951819999998,2.435634613,0.221604228,2561.337358,492.2718342,2598.337145,320.7390039,20.52859462,6.8702423370000005,0.029791752,0.038805973,5267.300558,1149.132737,3.0809832000000004,3.339989656,0.013013465,0.068532581,0.121785174,0.035163116,0.625,0.75,happy
704,69.83741554,39341,855.2391303999998,0.397573462,0.295210303,0.494251755,0.28400589600000004,0.251230398,0.142185163,11.21011495,100.8151596,3.493337856,35.24241419,0.020661451,2.68407966,2.06414032,0.08267732,2051.5175480000007,682.8860286,2084.6873530000007,443.0607039,21.46470243,7.681499877,0.015229251,0.041480701,3962.783458,1215.733949,2.669966387,3.147318621,0.008320714,0.07906759299999999,0.109373585,0.05433356,0.7,0.625,happy
144,99.38401442,55701,843.9545455,0.3867152170000001,0.281254727,0.5611887879999999,0.23611393100000005,0.27369181600000003,0.091793916,22.77479212,86.74201104,6.116026728,25.68365579,0.008006428000000001,1.839740625,4.414718151000001,0.11854104,2767.744288,609.9231112000001,2690.305214,375.1451453,18.91654299,6.121199222,0.051911015,0.04620016,5963.929560000001,1303.548313,5.097168768,5.560052022000001,0.010028213,0.054093774,0.137585202,0.047360050999999986,0.825,0.8625,happy
341,161.49902340000003,35843,534.9701493,0.384572999,0.282050228,0.544638296,0.252667765,0.264520598,0.115594925,14.89969517,59.46270905,5.991827356,31.01178522,0.026650295,2.211901985,3.302448511,0.037756644,2437.003889,661.983498,2477.134868,342.1751826,19.60070047,6.737030439,0.029444309,0.038998641,5189.741851,1294.221968,3.966007021,4.513692608,-0.014687515,0.057850814,0.115212616,0.047082867,0.8,0.85,happy
776,123.046875,53321,751.0,0.427133318,0.284189679,0.588584051,0.240659478,0.274989404,0.087830298,2.6254335490000003,21.64320798,-0.022483365,26.39706042,0.010957967,2.245425667,1.682320833,0.01744047,2931.931853,513.7966255,2458.753216,270.4262736,19.43461705,7.030149721,0.049346462,0.044673648,5644.659514,975.7824164,1.85615479,2.149506791,0.003310415,0.052724303,0.186246441,0.052759352,0.5125,0.6375,happy
631,135.9991776,40255,609.9242423999998,0.421316569,0.285833548,0.467609591,0.279585604,0.248500221,0.146904641,26.67966807,152.66266509999997,8.662711141,29.26729574,0.020652857,2.98321203,3.015748262,0.029961377,2150.9002370000007,852.8412221000002,2574.5364440000008,486.22284810000014,19.61734155,6.724653889,0.019674005,0.040296335,4768.813336,1865.435351,3.929424571,4.340763253,0.000201751,0.080025245,0.07875407200000001,0.052205487,0.5625,0.55,happy
859,198.7680288,100238,795.5396825,0.311891333,0.297692393,0.441593232,0.286758976,0.238767687,0.162244645,18.08167193,99.70337695,6.377839683,28.91720847,0.017524781,1.910378037,2.391736746,0.07458556400000001,1963.310374,456.0725138,2258.501095,269.1804494,21.94915861,6.637564403,0.009329673,0.026764859,4100.8664979999985,1185.794192,3.318700749,3.5324555660000003,-0.006743327,0.085122282,0.082381299,0.032389207,0.725,0.5875,happy
72,117.4538352,15006,405.5675676,0.386579193,0.27454612,0.506192922,0.25712070800000003,0.25874122,0.12800904,18.15309639,74.10614118,7.460364281,25.94953161,0.032229206,1.954429618,3.18871069,0.010164976,2308.4047920000007,546.1663386,2455.388345,323.60756989999993,19.94177524,6.482364254,0.023685923,0.037006218,4924.365477,1123.258335,4.137588691,4.463521186,0.005674468,0.063221084,0.109131937,0.030821229,0.6875,0.75,happy
882,73.828125,18828,570.5454545,0.417706278,0.275785863,0.597078639,0.233808337,0.27393954600000003,0.091051956,19.80695339,75.45462604,7.087586292,22.53674579,0.022002922,1.427582575,4.145206928,0.034486897,2925.624715,465.01139169999993,2815.13564,235.1046474,18.75332662,6.0019224310000014,0.06086178900000001,0.041886948,6413.409646,909.2182368,4.848581832,5.077362044,-0.011966166,0.047698476,0.145770142,0.038791317,0.6,0.85,happy
305,129.1992188,68986,884.4358973999998,0.365854424,0.29582894600000004,0.4555325220000001,0.287196401,0.242205441,0.157066411,17.88493776,92.89250407,7.079979428,25.87504517,0.019344965,1.739653979,3.114029646,0.13279219,2528.793152,651.6924057,2619.130928,353.0421962,19.49826759,6.128923086,0.033827882000000004,0.037080351,5492.065302,1479.7755029999996,3.801707489,4.139598715,-0.019857491,0.076394386,0.112374604,0.049275803,0.75,0.9375,happy
900,66.25600962,20806,650.1875,0.352198713,0.294904031,0.369526205,0.302952395,0.21366511,0.194114797,26.89933872,184.6326168,8.923076299,24.4867279,0.013608153,1.967559553,2.677691221,0.023926761,2340.844725,502.7868479,2738.328838,325.8205582,21.16646422,6.571121193,0.013688575,0.029594488,5558.5545280000015,1318.733462,3.409505047,3.697948124,-0.013265731,0.100958297,0.070236427,0.026805583,0.5375,0.65,happy
648,151.99908090000002,77105,803.1770832999998,0.36026952,0.28976101,0.514599281,0.25634680600000004,0.261564177,0.122137279,15.349813800000002,64.42802343,6.090472461,28.23081112,0.021499936,1.926483263,2.942763329,0.023390613,2137.691553,469.90406839999986,2148.081793,373.1854619,20.06038956,5.935291377,0.018425066,0.032112014,4278.7749,1106.953004,4.02408092,4.228098347,-0.00613398,0.069810817,0.112663674,0.033415823,0.7,0.6875,happy
1000,107.6660156,192975,1519.488189,0.388986421,0.290489702,0.479736794,0.268208801,0.251463665,0.14177220699999998,16.60224978,81.41106971,7.069099072,29.21263084,-0.000539103,1.576079844,4.168952942,0.306806028,3561.2297020000005,628.1177376,2960.362259,219.706004,20.05385169,6.771618835,0.079723395,0.051057257,7185.759029999998,859.208495,3.95524701,4.430360049,0.014984866,0.07001204700000001,0.190958291,0.066244683,0.575,0.6625,happy
927,135.9991776,225914,1466.974026,0.407482188,0.298926557,0.525457062,0.27953253100000003,0.259054802,0.127373243,12.38428288,118.43032420000002,1.75645181,34.491729799999995,-0.002140069,2.664951072,2.346759558,0.29283791800000003,2644.149247,763.6016116000002,2665.308848,474.7647175,20.20869593,6.04111463,0.033642683,0.043750312,5652.030159,1573.274229,2.512385164,3.149725976,0.001474912,0.06688254099999999,0.109710158,0.060833622,0.65,0.5625,happy
865,103.359375,63494,894.2816901000001,0.451562607,0.280339232,0.526091826,0.252629569,0.271049561,0.099325066,20.6556928,173.3619254,8.492907011,20.31407952,0.009761338,1.7108286190000002,3.4479587080000003,0.07188929599999999,2952.409878,600.0795822000001,2899.755609,298.2984833,18.65145392,6.127114275,0.055140708,0.052575915999999986,6610.954544,1188.897992,3.873983976,4.202606845,-0.0017571129999999998,0.058441809,0.12821923400000002,0.053723515,0.7875,0.8875,happy
298,135.9991776,40834,618.6969697000002,0.393125758,0.288414646,0.547060726,0.253407562,0.264830549,0.114883043,25.04675149,122.8293207,8.798482619,23.77276494,0.022714588,1.630199853,3.698157549,0.01820584,2441.063866,596.2266417000002,2501.647037,308.9053205,19.38315307,6.907367473,0.029871628,0.033938315,5168.312731,1177.270304,4.753921058,5.007636958,-0.002599499,0.056935887,0.111139365,0.049998296,0.7375,0.725,happy
391,89.10290948,25696,611.8095238,0.411759602,0.29463874,0.555331244,0.252475604,0.269578099,0.103252031,11.09775815,68.68673028,5.090621847,25.73800328,0.011871157,2.389640277,2.683120728,0.027803902,2862.047908,634.9374191,2705.619141,340.5531533,18.99543023,6.97748757,0.045530461,0.046814125,6074.478764,1169.460367,3.008747323,3.38860118,-0.005511662,0.055101047,0.132144428,0.052594199,0.6,0.85,happy
803,95.703125,54013,857.3492062999999,0.38410701,0.28582529100000004,0.518566435,0.257702144,0.262617532,0.119855603,12.69324888,83.15071009,3.488002348,27.1621406,0.019798131,1.703030916,2.418746471,0.395067215,2292.357195,449.1578108,2405.621609,293.6325502,20.03993336,6.94998625,0.023303639,0.031183086,4942.381921,1041.466947,3.168227636,3.606779185,-0.007063378,0.069166114,0.100563293,0.032398647,0.75,0.6875,happy
499,107.6660156,30163,603.26,0.480626965,0.28551416,0.511279082,0.278444388,0.256139069,0.133139441,20.6826093,138.9692373,8.024520427,26.44154741,0.01007768,2.207196135,2.859473467,0.035609402000000005,2670.606864,568.3105094,2900.007088,334.30377989999994,18.96361618,6.657328017999999,0.027100865,0.025152273,6412.611969,1223.453935,3.337423035,3.804625724,-0.012705563,0.058865329,0.08581075,0.034747226,0.825,0.8625,happy
408,89.10290948,19843,566.9428571000002,0.401895278,0.293880903,0.5699239389999999,0.246975232,0.26973518,0.102840974,13.61940288,81.18403434,6.129820535,30.51162022,0.023609211,2.338552327,2.752593279,0.068523973,2787.348954,603.3091037,2824.751478,238.4259039,18.47137618,6.2869367270000005,0.054249395,0.06129479,6180.818472,1169.317376,3.1709044310000003,3.534628985,0.001688445,0.052775986,0.12999274,0.061581807,0.6125,0.9125,happy
91,135.9991776,42987,661.3384615,0.398778474,0.30303984300000003,0.602427422,0.255592544,0.271603878,0.097799115,24.26273348,171.454805,5.8945335010000015,29.14656542,0.028125356,2.380418515,3.441665649,0.058005314,2743.86641,836.1716266,2848.154941,452.3029178000001,19.31004731,5.623338864,0.038956627,0.049381498,6100.328156000001,1656.336213,3.93003305,4.454495852,0.013722237,0.050926451,0.113438602,0.067061651,0.7375,0.8625,happy
483,172.265625,32607,501.6461538,0.566100516,0.270704353,0.379488888,0.311643342,0.215399804,0.19218808,22.85852538,179.5405252,6.794397771,43.05528232,-0.00132124,3.590840608,1.869924545,0.017053159,1929.796538,903.9916727,2484.891977,689.0088897,20.47620364,6.951603267,0.009414266,0.037171084,4662.377522,2259.151765,2.205176321,2.692190309,-0.02787078,0.095485754,0.035685712,0.032713906,0.5125,0.575,happy
732,92.28515625,34498,704.0408163,0.285602074,0.303343202,0.443772152,0.28790208100000003,0.246870396,0.14962734,6.337055173,49.31726017,-3.694991461,41.08687906,0.012285204,3.497244967,1.529847145,0.081874877,2248.839725,853.0825765000002,2345.018602,415.364417,22.409582,6.573315204,0.018365279,0.04721136,4524.0594409999985,1696.723531,1.722132108,2.264327411,-0.0072036,0.082919824,0.099112521,0.07344413,0.6125,0.6375,happy
147,78.30255682,65211,1035.095238,0.368165164,0.3001692,0.441422202,0.281635513,0.245290345,0.152203744,9.674706325,64.26239571,2.797310534,36.39339605,0.000537956,2.281987747,1.910173774,0.134789303,2220.547909,713.5719332,2477.322407,365.7035093,21.28311251,6.254395205,0.01544365,0.022908341,4843.073822,1484.918483,2.303339048,2.749947375,0.012148849,0.087213265,0.090850585,0.056979332,0.65,0.55,happy
201,151.99908090000002,54945,686.8125,0.345510658,0.284521902,0.469703768,0.264377784,0.248233793,0.147354394,18.62725812,73.79540472,5.6045125,29.61910861,0.018436781,1.753144084,2.953853369,0.193061486,2142.715717,581.7051542,2495.510556,335.5405858,21.06132846,6.588003121,0.016818425,0.016219961,4796.723845,1381.879374,3.717516141,4.16145706,-0.015126556,0.075747774,0.08486682,0.033868941,0.6875,0.625,happy
375,112.3471467,133404,1246.766355,0.44897309,0.291793056,0.408739128,0.288177629,0.235258747,0.167292125,23.58370005,214.19842140000003,5.6415457810000005,21.59325418,0.012722982,2.352044914,2.914367199,0.240016907,3127.833805,927.0033902,2850.930797,315.3950292,20.18832127,6.41155255,0.047201265,0.05770608400000001,6535.779346,1405.703046,3.119273284,3.660920754,-0.017274566,0.085387583,0.132248828,0.103487216,0.775,0.7375,happy
