song_id,tempo,total_beats,average_beats,chroma_stft_mean,chroma_stft_std,chroma_cq_mean,chroma_cq_std,chroma_cens_mean,chroma_cens_std,melspectrogram_mean,melspectrogram_std,mfcc_mean,mfcc_std,mfcc_delta_mean,mfcc_delta_std,rms_mean,rms_std,centroid_mean,centroid_std,spec_bw_mean,spec_bw_std,contrast_mean,contrast_std,flatness_mean,flatness_std,rolloff_mean,rolloff_std,poly_mean,poly_std,tonnetz_mean,tonnetz_std,zcr_mean,zcr_std,valence,arousal,label
879,99.38401442,19545,514.3421053,0.406708483,0.293726626,0.528166069,0.283912082,0.254622164,0.136017965,13.96169196,142.3525045,4.018311097,45.92087381,0.02380915,2.638346321,1.41298902,0.018038452,1511.446375,821.9700225,2159.663711,625.2833714,20.87641066,6.166157363,0.006350644,0.032200057,3210.163536,2004.032578,1.978697584,2.420622157,0.000478594,0.064408876,0.049165713,0.037246294,0.6375,0.4875,relax
35,143.5546875,137912,1112.193548,0.300109336,0.292919576,0.3459176,0.284992388,0.214771984,0.19288942,13.58129342,59.72089395,4.03102289,36.26642531,0.012039255,1.960522487,1.837125063,0.198783889,1779.968308,702.3128593,2246.663713,369.0248709,24.01299861,5.596563348,0.006590636,0.025767598,3794.958126,1393.780882,2.523574013,2.780680669,0.013578379,0.1162989,0.071774077,0.049517961,0.625,0.3375,relax
921,135.9991776,77274,858.6,0.467727566,0.276459915,0.515697546,0.273017406,0.25595098,0.13350067,10.22409663,64.24044153,6.012126817,23.314471,0.017771357,2.276338084,2.721213341,0.136148661,2973.197429,592.5937035,2738.150214,222.0158302,19.41113459,6.898527859,0.051970918,0.042130213,6236.021867,958.4372588,2.987688393,3.391538314,-0.009269592,0.059065284,0.14278108,0.057893277,0.5625,0.475,relax
280,95.703125,49060,817.6666667,0.528315583,0.277523368,0.345747261,0.315147263,0.203592554,0.204654355,23.90186471,231.7667716,6.612821871,54.31571612,0.016286135,4.518258869,1.815257788,0.016256621,1314.359772,1014.017307,1924.5689,878.6282379,22.19556073,8.440516648,0.005233142,0.036955491,2948.8467,2529.273729,2.226981319,2.997682434,0.00928691,0.111920958,0.027199262,0.024143901,0.525,0.325,relax
518,129.1992188,9998,322.516129,0.339835515,0.310739608,0.452323496,0.288882382,0.248393405,0.147085179,10.11047512,120.6572782,-4.655284063,61.7207988,0.003149239,3.494751577,1.654063702,0.04767257,1581.656663,986.331421,1873.846238,810.3581361,21.32860486,7.064997652,0.010024583,0.024348591,3212.572574,2284.247161,1.694990113,2.787508384,-0.014373313,0.083609828,0.06368935,0.047949542,0.5125,0.425,relax
181,161.4990234,18028,375.5833333,0.520342716,0.276910006,0.306470052,0.314847949,0.18781681,0.219221758,28.95962296,222.3525703,7.539356058,30.59309141,0.038507279,2.969846803,2.28436327,0.021679044,2557.59524,856.0008045,2918.067068,420.2120166,21.55301476,6.362321035,0.012439066,0.040227517,6131.150586,1731.444115,2.594513461,2.909063729,0.003021433,0.126412679,0.045059949,0.0310139,0.625,0.4875,relax
918,161.4990234,51164,631.654321,0.357815798,0.291386269,0.42388399,0.286273245,0.237338257,0.164328588,9.205443675,64.53563887,3.984390337,36.05542585,0.017192464,2.825021792,1.701448441,0.049188338,2017.158385,675.6836381,2522.771531,454.9825651,20.67207939,6.109523904,0.012390963,0.014867943,4551.003471,1715.021811,2.1745798,2.525641449,-0.011641821,0.089957015,0.071693133,0.032285252,0.6375,0.4,relax
225,123.046875,17523,427.3902439,0.429618818,0.307548154,0.55781762,0.261178991,0.268730141,0.105439293,17.60553508,139.3107104,2.876928867,53.15132546,0.026713129,3.80730645,1.69593811,0.037703097,1684.720545,1081.715764,2201.941511,911.0519128,21.26136446,6.839859372,0.008624716,0.02340984,3899.543318,2700.431102,2.165393241,2.969980249,0.01223579,0.054152558,0.053422382,0.049409656,0.525,0.4125,relax
40,80.74951172,36010,750.2083333,0.311320937,0.299613105,0.515523655,0.273261747,0.256969199,0.131530088,6.275990402,39.23815723,1.727095034,32.17509014,0.010815951,2.295528215,1.625887156,0.101610772,2651.849088,710.0416663,2827.946977,379.7251514,21.62183305,6.19989154,0.023882724,0.028251944,6042.350367,1579.177583,1.881251848,2.20213448,0.010510493,0.073303384,0.110579182,0.051917644,0.6625,0.375,relax
411,161.4990234,93956,878.0934579,0.256079439,0.305478185,0.374717359,0.296412525,0.21997111,0.186938611,11.26528415,88.29448085,-1.606240861,45.52612978,0.01353326,1.853791027,1.178475857,0.11227008,1733.795532,773.0207271,2249.895675,474.0712172,23.70689422,6.639724162,0.008046584,0.032110583,3608.565282,1599.086607,1.659704059,1.939140002,0.017464533,0.099214894,0.059740966,0.06106774,0.6375,0.175,relax
230,80.74951172,19153,547.2285714,0.383109292,0.29262296,0.527707321,0.267625483,0.263839252,0.117141718,2.419988046,15.32836399,-0.890254446,38.94701453,0.013417332,1.946602473,0.956288517,0.040331226,2478.35795,516.5815496,2586.308701,304.4802533,20.2223878,7.460378865,0.026036181,0.037409052,5582.598776,1039.081406,1.156551432,1.409652292,-0.008127142,0.060194485,0.115432436,0.047559816,0.7375,0.3625,relax
587,172.265625,231122,1320.697143,0.362375177,0.284676637,0.50870426,0.25093903,0.258980776,0.127523687,3.150214472,14.47620838,-2.270101796,49.98947396,0.003203346,1.86682659,1.225063443,0.264916956,1875.37055,287.9789488,2112.415376,281.8900078,19.74863877,5.855574513,0.012680638,0.021590531,3734.076622,802.2013719,1.541000878,2.079993457,0.00813164,0.075678037,0.09132705,0.020745139,0.6,0.3875,relax
351,80.74951172,81972,1154.535211,0.344782323,0.293152639,0.519973225,0.260199252,0.259832924,0.125778316,14.55169237,84.3556159,2.812543801,37.04661152,0.012464826,2.63113622,2.106848955,0.241625115,1774.989065,661.0023348,2187.712058,479.3865132,21.18270717,6.173742004,0.011315218,0.027830634,3644.758244,1665.510914,2.862203425,3.360557528,0.012060453,0.062548016,0.071929827,0.036814169,0.55,0.275,relax
905,151.9990809,341780,1717.487437,0.423408409,0.295723784,0.385838113,0.287529327,0.225285446,0.180498757,15.14874216,133.6546538,3.876854092,31.89814787,0.009617361,2.119883819,2.14784193,0.276894569,2448.503851,784.5223584,2639.995174,469.6534365,21.37844702,7.383184986,0.018021816,0.031301454,5483.908349,1812.896374,2.478053226,2.976969685,0.012006089,0.096374738,0.08786796,0.057276314,0.575,0.475,relax
683,129.1992188,78268,879.4157303,0.307037779,0.300745462,0.444345515,0.273234456,0.24693775,0.149516156,6.640904303,44.02745875,-4.067246837,54.7812953,0.013463384,2.532105763,1.146046281,0.179466918,1446.678261,806.3224484,2014.86088,472.9409599,22.33683715,6.637159662,0.004791832,0.012650914,2829.318596,1768.549632,1.484563445,1.950332439,0.005514389,0.084409414,0.052963414,0.052669624,0.7375,0.2375,relax
548,112.3471467,50089,770.6,0.356942268,0.332675034,0.410065254,0.311307873,0.231608196,0.172310699,14.44184762,137.4733617,0.094857371,48.83115394,0.000874834,3.573490189,1.423880219,0.04033744,2128.509031,1056.461946,2573.793716,735.8447689,21.50745915,6.608679439,0.011306911,0.034007058,4931.751131,2597.846579,1.666421326,2.316428884,-0.002936431,0.088537593,0.063792293,0.051518259,0.55,0.45,relax
1,129.1992188,45496,689.3333333,0.400595191,0.298970801,0.402285857,0.316265908,0.226863182,0.178511708,6.725911866,52.54270233,1.460438877,33.68694276,0.01133568,3.960130488,1.923089862,0.035111114,2874.280246,1095.384271,2633.679801,478.1599337,21.29865253,7.041594253,0.038755186,0.055984721,5859.691693,1894.741686,1.912150245,2.296730288,0.013560646,0.099638222,0.130365079,0.087782819,0.575,0.4,relax
767,123.046875,49272,714.0869565,0.377932355,0.298106657,0.480330452,0.276717404,0.250895301,0.142775632,20.33444726,159.5651595,3.835322566,30.41323701,0.020771205,3.112006625,2.900025368,0.0937071,2402.406177,899.8514003,2349.220591,476.6484828,21.26656891,6.991051521,0.026179371,0.053713426,4925.433791,1729.092607,3.364106276,3.855216781,-0.024087938,0.074583882,0.110875482,0.068317556,0.5125,0.475,relax
486,95.703125,55519,854.1384615,0.329441473,0.309094967,0.454236941,0.289043104,0.254367392,0.136493821,5.382404503,31.43457707,-8.905011778,51.83157595,-0.000303352,3.620663782,1.299825907,0.055672936,2457.216945,1200.512315,2641.028395,567.902755,21.39110665,6.677999943,0.029590487,0.059625,5364.181294,2420.812558,1.428159954,2.00816613,0.007303602,0.092992508,0.114021626,0.107232908,0.575,0.375,relax
715,143.5546875,160309,1205.330827,0.315714834,0.29360224,0.530320804,0.254612319,0.262932398,0.11916328,9.760907109,46.45614591,1.728146591,31.36401723,0.011046603,1.997774546,1.839310408,0.028469309,2266.603455,607.7728387,2782.635488,378.9553264,20.59756388,5.950699347,0.016497523,0.026053442,5555.878611,1666.426119,2.406512879,2.542118775,0.004128417,0.070224124,0.079863314,0.031871123,0.525,0.325,relax
809,61.5234375,48516,1032.255319,0.227219517,0.298936474,0.375429003,0.286736092,0.233373661,0.169911941,2.480208151,19.40196834,-13.86309219,65.97636866,0.006421564,3.077355607,0.645004749,0.049988609,1633.700885,949.5293756,2075.361237,786.190865,24.18869152,6.214133052,0.005071144,0.034005791,3227.293916,2078.783184,0.78522325,1.039618006,0.003403674,0.112912223,0.056133848,0.043006593,0.65,0.1875,relax
462,117.4538352,22396,486.8695652,0.355757426,0.28350587,0.533601683,0.257356982,0.257228714,0.131021838,6.312110687,44.28975113,0.810257144,59.81190971,0.009441838,2.701336412,1.271343112,0.001421879,1250.073345,424.5939188,1716.673055,457.0187602,21.95359421,6.882500237,0.003864612,0.013641297,2639.937447,1125.102446,1.562859217,2.424484067,0.023919289,0.058257595,0.050531454,0.017051455,0.65,0.4125,relax
325,184.5703125,122565,942.8076923,0.430925219,0.285639716,0.38125922,0.309787752,0.218453418,0.18870993,17.35395609,147.4091867,4.950310417,30.45680994,0.014411402,3.137036652,2.16419673,0.053496443,2610.084215,824.0019377,2837.42649,376.7260661,21.78574992,6.672238013,0.018972488,0.026871117,6135.055891,1585.956963,2.509630125,2.977255989,0.009896423,0.099911624,0.075855277,0.052720272,0.6125,0.4875,relax
600,172.265625,51267,617.6746988,0.304690756,0.293783881,0.388053262,0.283071889,0.225071843,0.180765038,9.316139854,44.77504801,0.686301764,39.64237049,0.020945148,2.804419182,1.526586533,0.018706292,1748.11135,587.7036824,2198.996157,407.0695019,22.6558241,6.243663197,0.007713374,0.030376157,3465.968552,1404.135814,2.157015398,2.428375894,0.028437113,0.100285775,0.066772071,0.031884493,0.65,0.4125,relax
771,135.9991776,37509,595.3809524,0.45750929,0.273848874,0.576148846,0.240307056,0.271438016,0.098258519,1.41940008,8.194745401,0.491132748,30.04557255,0.021455134,2.076819982,1.192390442,0.014695402,3157.621511,476.3294637,2842.750491,243.0638579,18.44279527,6.76547181,0.076579317,0.047620341,6678.911545,840.2408721,1.248035721,1.462268152,-0.003454739,0.051824153,0.164477216,0.04153531,0.5625,0.425,relax
979,143.5546875,42699,637.2985075,0.332851221,0.288479831,0.365638057,0.283323528,0.215177257,0.192437215,5.691605642,27.87086431,0.347298033,55.47696596,0.013827822,2.283148667,1.266002178,0.116906695,1263.298355,513.6455518,1799.338537,458.452302,24.65227682,7.423120843,0.002982586,0.006862859,2485.40424,1249.107327,1.611610122,2.196172224,0.011104154,0.106801837,0.051634421,0.027274975,0.5125,0.3625,relax
508,54.97839096,25947,786.2727273,0.325762045,0.29593064,0.430572956,0.278962537,0.239487116,0.161180814,12.70932302,85.05574064,3.883589025,41.04865081,0.016696912,3.150151859,1.889025092,0.05958055,1664.955195,797.9315429,2081.269175,484.9638325,21.1980454,6.735681524,0.010735445,0.033114217,3535.256797,1708.469557,2.504622859,2.917887534,0.019120331,0.085716684,0.065559712,0.049423067,0.5375,0.3625,relax
544,99.38401442,154698,1432.388889,0.352697544,0.3032959,0.442860514,0.289705625,0.243632241,0.154844,12.25152511,69.0259438,3.094545885,43.2009806,0.005390839,3.095370454,1.89243865,0.073684104,1837.629181,964.6288534,2296.893112,590.5522548,21.39829067,5.93284692,0.01328563,0.030831013,3813.163869,2127.908596,2.342791374,2.962426674,0.021317821,0.086186223,0.069317055,0.058338434,0.625,0.45,relax
461,61.5234375,7149,397.1666667,0.36390215,0.285934006,0.437312881,0.274773985,0.243118652,0.155649138,7.878118215,47.93015865,1.997702848,40.67494673,0.029736267,2.752254141,1.636776447,0.028084874,1771.146903,846.5330993,2228.604356,463.8527772,21.28935851,6.283816916,0.012163407,0.026459217,3722.062816,1720.32668,2.050209298,2.515633656,0.03238423,0.089443299,0.068413126,0.056890464,0.6375,0.375,relax
299,69.83741554,28332,726.4615385,0.336817311,0.295763016,0.413914655,0.281586191,0.235122899,0.167483001,19.39995966,99.74785435,5.23166807,30.01319866,0.021967692,2.277635131,2.511867762,0.02474021,2198.332009,981.181479,2581.861511,467.1898861,21.53095269,6.086354127,0.014923161,0.03416425,4967.060733,1969.283216,3.06121972,3.364917376,-0.013839201,0.090778516,0.076629181,0.057736319,0.65,0.25,relax
151,151.9990809,297296,1589.818182,0.38338488,0.301993514,0.434185383,0.292921211,0.238883672,0.162073824,5.76372484,36.43962879,1.454121427,39.37143577,0.007990629,2.663280856,1.3907336,0.044693172,1968.644191,698.8475792,2325.21327,399.2333532,21.26846386,6.793407439,0.014373037,0.027682181,4270.131422,1549.39547,1.70073441,2.078163525,-0.003514261,0.090201657,0.070242724,0.043217551,0.6125,0.325,relax
897,107.6660156,60958,896.4411765,0.390469309,0.300329723,0.40004705,0.287549995,0.223543043,0.182652241,7.991877386,75.31067015,-1.475602689,38.42778178,0.006814289,2.255891997,1.652324677,0.397287458,2606.361163,808.890571,2672.663946,482.7667599,21.42149362,7.266992288,0.023962336,0.041742861,5666.569581,1790.48665,1.830922513,2.379454838,0.000362933,0.099424601,0.097640508,0.057798896,0.5625,0.3875,relax
463,95.703125,60720,920,0.373303001,0.307591941,0.566233715,0.252642593,0.273553716,0.092204651,7.585006227,55.62091807,-0.403197701,59.33255152,-0.000402954,3.124526102,1.515550256,0.311586857,1581.448437,700.8525188,2200.77,534.8204073,20.03282915,6.115351159,0.008627235,0.028020771,3335.224397,1880.832573,1.615689143,2.62705161,0.004006669,0.052162126,0.056967511,0.03861381,0.5625,0.3,relax
869,89.10290948,18965,526.8055556,0.413426824,0.289132811,0.482851418,0.27870792,0.250315503,0.143789716,19.9907845,170.0485684,7.380253917,26.80872429,0.00054281,2.172927867,2.419606924,0.022645671,2497.050544,809.0464214,2846.075923,359.0292634,19.26029422,5.538839751,0.022819841,0.03894167,5824.601727,1474.665655,2.912591026,3.260055866,0.007206808,0.069698846,0.078968518,0.051840794,0.5125,0.45,relax
415,123.046875,43922,720.0327869,0.300575358,0.294861071,0.469332937,0.27017578,0.25520013,0.134930452,6.957980407,38.93547011,-2.17482643,41.93669686,0.01874973,3.189729504,1.58862865,0.127085105,1932.761268,710.461344,2257.239986,518.1111693,21.49048842,6.080821313,0.013428212,0.025554022,4033.637058,1679.457371,2.038710042,2.530904042,-0.008226769,0.080035888,0.076791426,0.036752301,0.522727273,0.477272727,relax
810,112.3471467,47340,739.6875,0.30170315,0.299480801,0.468643006,0.268551788,0.254021828,0.137135861,3.775929464,22.33477769,-5.673436125,50.65611811,0.013541957,3.162772937,0.9986341,0.011554304,1874.201921,928.9784725,2137.898439,544.4583086,22.854137,6.664485924,0.012053813,0.036342073,3692.915796,1927.982873,1.297379719,1.682631009,-0.004592191,0.081843957,0.083901215,0.062228767,0.65,0.4125,relax
28,83.35433468,70055,1030.220588,0.46715708,0.267129596,0.463470117,0.275831734,0.24742234,0.148712874,28.51876814,154.6255891,9.367662109,29.87349326,0.009568417,1.968646758,2.883728743,0.058401626,1761.365712,535.2417401,2244.506067,321.4572197,19.67618675,7.252268098,0.008534524,0.015394498,3871.888109,1198.783168,4.207424884,4.475887241,0.016236433,0.068209785,0.058045358,0.03719561,0.575,0.4875,relax
358,172.265625,124992,954.1374046,0.378624091,0.306654635,0.47335984,0.291693989,0.255073846,0.135169028,8.515058823,65.44725372,2.711685657,37.22236099,0.010334534,3.818742199,1.75338769,0.105935059,2534.907721,1054.795244,2652.953966,621.3913683,21.17875578,6.998950137,0.021456618,0.039702445,5506.907665,2222.715177,1.920448544,2.429479831,-0.007496764,0.078515193,0.100183346,0.07513704,0.6875,0.3875,relax
354,83.35433468,46691,880.9622642,0.595432152,0.284686709,0.465146712,0.289941313,0.249821856,0.144645682,18.47636844,187.6317361,5.461103129,53.5982284,0.017213901,4.584704,1.478488803,0.021001283,1764.211422,1244.492574,2226.94263,897.2290917,20.73145737,7.167980147,0.010432166,0.0372205,3873.860691,2868.089487,1.824724974,2.481491249,0.047293946,0.107218722,0.043079144,0.050380629,0.5125,0.35,relax
763,103.359375,61918,872.084507,0.272782985,0.292593534,0.439232488,0.265724414,0.242432215,0.156716159,22.97176255,104.8075856,2.098013943,38.9958204,0.01501619,1.810898587,1.89234817,0.0495314,1338.944808,460.2661185,2028.483888,400.3190437,22.57866998,5.91922904,0.002300661,0.004682872,2674.386072,1322.023963,2.998259938,3.13643363,-0.026254312,0.091348397,0.045133979,0.014404711,0.55,0.3875,relax
170,86.1328125,51932,880.2033898,0.312375667,0.294369971,0.396093176,0.282739537,0.228027512,0.177021996,8.35312017,53.08534348,1.989883999,51.15320384,0.015209905,2.242365794,1.312057257,0.15532513,1398.567421,854.0814874,1866.490057,639.9900493,23.4166562,6.721990979,0.00434943,0.025873473,2721.411632,1824.641046,1.812542304,2.14347674,-0.011835568,0.104643144,0.05454568,0.043929799,0.6,0.3,relax
428,143.5546875,16561,403.9268293,0.403989794,0.30359577,0.489008663,0.286411604,0.257022528,0.131425848,11.00466838,93.71305765,-1.245942824,51.0764657,0.000899217,3.541744498,1.920908332,0.052344799,2389.702281,1043.120631,2572.068981,656.8947309,20.57473922,6.637833615,0.0227283,0.036912106,5221.155762,2289.344931,2.071907372,2.753692174,-0.00163845,0.07547093,0.086183697,0.066066903,0.5625,0.4875,relax
578,99.38401442,49554,786.5714286,0.257830487,0.292300094,0.4180528,0.298261794,0.225674145,0.180012538,9.145392551,59.18964894,2.797395563,44.06691228,0.011727793,1.919289175,1.569093823,0.22139208,2033.418677,878.5620702,2492.912709,564.3271447,21.48638815,6.385375003,0.012241811,0.029030276,4571.192256,2023.823555,1.950125242,2.464621301,0.025531922,0.09377818,0.074958317,0.050464303,0.625,0.4625,relax
609,99.38401442,31378,640.3673469,0.34986516,0.293530912,0.53434315,0.265834017,0.262735113,0.119597633,15.65016618,125.4763287,3.418854133,34.800966,0.019227774,2.338189779,2.121616602,0.12351457,1769.480939,570.1412838,2223.027026,407.7170556,21.50403015,7.413348047,0.009228706,0.027310671,3611.640802,1558.441555,2.988498909,3.432730363,-0.014319256,0.070639071,0.073393813,0.02808499,0.5125,0.4375,relax
356,129.1992188,160723,1275.579365,0.446563138,0.288488285,0.507955876,0.281243239,0.255281367,0.134776693,19.90118666,169.4256065,6.2284116,30.00281721,0.013024062,2.930243678,2.792736053,0.038967952,2183.13733,902.2218925,2363.199815,529.2729271,20.03433244,7.30583991,0.028308434,0.046717223,4558.59409,1926.499963,3.449498778,3.910704278,-0.000955945,0.072472517,0.092130515,0.058034355,0.5625,0.475,relax
310,151.9990809,43319,610.1267606,0.229541932,0.290842994,0.424788633,0.274690181,0.241297947,0.158457043,4.473590617,29.75715479,-4.056473287,44.93676473,0.012603417,2.116631537,1.046588778,0.043254197,1929.156906,678.2757119,2116.78138,432.4407368,23.46486681,6.405606493,0.008972499,0.034642864,3785.956766,1369.615935,1.375277459,1.605257802,0.021214381,0.085209692,0.088057155,0.051532397,0.675,0.4,relax
119,95.703125,114670,1260.10989,0.248238407,0.298065814,0.426599521,0.274091406,0.239690694,0.160877919,6.547491234,62.90483423,-2.779558402,44.87238342,0.004238663,2.350430253,1.341573119,0.090125658,2080.531221,1007.106538,2182.324649,519.0756454,22.71950172,6.406395473,0.016435554,0.040102754,3994.917238,1906.442968,1.57073494,2.007421035,-0.01360542,0.087255113,0.104807468,0.077309676,0.6625,0.4875,relax
621,117.4538352,19366,461.0952381,0.252525911,0.305560165,0.400366436,0.286499525,0.241034712,0.158857171,3.359028543,31.65973552,-10.10489565,48.35758816,0.014177295,3.109968089,1.044308901,0.001208484,2348.452717,1236.604869,2453.578536,428.1108521,22.17150574,6.553263425,0.016884184,0.043242294,4785.403063,2095.914475,0.998512065,1.321886614,0.001883008,0.093690161,0.103096731,0.106406568,0.55,0.3625,relax
174,112.3471467,25024,544,0.358005248,0.303693039,0.355509012,0.303455949,0.214850046,0.192802467,17.87094933,150.6218725,3.466725106,27.71922997,0.027138287,2.863397933,2.476007462,0.027521955,2850.842867,1039.294716,2871.193588,390.9913486,20.88865866,6.030454536,0.030472349,0.044640161,6367.110994,1703.585325,2.680580474,3.051806986,0.010071386,0.094625286,0.10972228,0.087665618,0.534090909,0.477272727,relax
953,95.703125,51677,833.5,0.479836644,0.288764716,0.38155829,0.305510446,0.225341446,0.180428839,8.118024221,113.9120567,0.862059777,58.07058122,0.004779176,4.360276713,1.140616894,0.091182947,2092.530652,1306.917254,2364.296544,847.9756295,21.02238267,7.124935258,0.016695948,0.037956089,4558.340385,2761.582394,1.211560945,1.818278137,0.024912795,0.101304701,0.076332334,0.079297795,0.55,0.3375,relax
706,135.9991776,47164,673.7714286,0.388934552,0.286616329,0.470184926,0.259901962,0.250590766,0.14330946,13.58765357,56.23299397,6.264027182,31.89922473,0.021207945,2.27670171,2.404391766,0.044333283,1966.67437,508.5503405,2290.359112,388.4147102,19.73964334,6.236000618,0.014127518,0.02915757,4265.735341,1239.947485,3.298714326,3.607079665,-0.011885992,0.074722918,0.077224156,0.030183382,0.6125,0.4,relax
235,95.703125,19267,520.7297297,0.473477004,0.294551282,0.649850439,0.235759916,0.277971659,0.077878687,13.7845376,176.8274677,2.96338488,40.48674233,0.027208866,3.2030378,1.572009444,0.013451785,1984.535686,595.9319935,2371.333085,310.9192032,19.35157507,7.914578516,0.012216976,0.032806356,4578.539722,1216.503026,1.958140543,2.66264704,0.018267289,0.04725559,0.07732221,0.048589559,0.7,0.45,relax
526,151.9990809,71608,786.9010989,0.614106,0.258169853,0.461950306,0.304534336,0.245823609,0.151340961,21.39235441,189.0680027,5.602533201,41.73084165,0.015092078,4.719356911,2.003535986,0.045524705,2328.986987,1170.105936,2637.564329,773.8355368,20.64994005,7.070849244,0.014398186,0.036530592,5393.048738,2459.247903,2.264019352,2.934215805,-0.030013488,0.078926402,0.076471697,0.071161262,0.525,0.4625,relax
864,99.38401442,146623,1396.409524,0.501619849,0.292734111,0.377907313,0.299994263,0.220481751,0.18633607,19.50797375,167.8800575,4.073813698,36.90208005,0.005320296,3.40918036,2.152398109,0.191255793,2346.966294,1023.479706,2594.369182,537.1671484,20.84492019,7.003420653,0.015749957,0.035571188,5022.927027,2262.382747,2.51176101,3.148350101,-0.02502676,0.098495811,0.076255869,0.065138485,0.409090909,0.488636364,sad
347,107.6660156,33768,649.3846154,0.293234266,0.29849812,0.45472314,0.273265374,0.25502426,0.13526256,13.23847657,104.2968073,-9.066640999,45.07203175,0.006660347,3.450085328,1.792162776,0.037104066,1653.140651,795.4145936,1841.88422,483.7784454,22.40095839,7.257280973,0.007868763,0.031112934,3184.596903,1583.323399,2.371926981,2.837911475,0.020726732,0.08328017,0.072863593,0.048112061,0.3375,0.1875,sad
123,73.828125,27239,698.4358974,0.318547833,0.294064326,0.467881497,0.275174794,0.247822239,0.148045503,10.47312683,61.33941729,3.425463534,31.98367094,0.014969291,1.909085219,1.865051627,0.015932679,2092.930238,524.5894235,2458.086512,314.785147,21.27483371,6.691029661,0.011852656,0.013874233,4762.028555,1160.093668,2.466306218,2.755233354,-0.002259765,0.079902607,0.079982115,0.031138303,0.4875,0.3125,sad
885,95.703125,90490,1117.160494,0.472221697,0.3006157,0.486396964,0.290402508,0.254347338,0.136531187,5.254297984,69.71657491,-0.21622597,49.1476582,-0.00127537,5.030518776,1.56483686,0.221398562,2935.148129,1383.460827,2823.62837,557.2432083,18.60474759,6.39764956,0.044807609,0.061246295,6120.944978,2243.827936,1.265502818,2.233881764,0.003778737,0.063205042,0.127638942,0.118145828,0.4875,0.425,sad
591,161.4990234,39880,586.4705882,0.608894222,0.278408003,0.393843545,0.300026317,0.22446418,0.181519049,21.29338393,167.3154648,6.70288521,60.99783037,0.025857619,4.689690523,1.707544684,0.065785758,1355.489828,1105.620873,1903.367117,974.6509637,20.52305838,7.413151517,0.006227003,0.033056498,2921.917038,2604.328608,2.085704148,2.657226662,0.046247917,0.129116631,0.023563238,0.031205937,0.35,0.25,sad
260,123.046875,90586,974.0430108,0.442305548,0.319920605,0.44762679,0.300276943,0.244197713,0.153950676,17.96649924,223.1562363,-0.946451652,39.54977518,0.004208947,4.005871331,1.722409248,0.020219821,2311.73407,1050.25204,2374.301487,493.3357674,21.24923899,7.045245441,0.022879191,0.044560399,4815.972005,2072.3997,1.961060584,2.739583704,0.015224836,0.09819096,0.089913434,0.069042357,0.3,0.4625,sad
775,112.3471467,76377,931.4268293,0.42360546,0.279142326,0.47257633,0.269876586,0.247458534,0.148652639,4.47390591,24.69797402,1.162188902,33.13390561,0.016417331,2.253770318,1.595912814,0.040729739,2356.662474,629.8480238,2318.636927,399.65924,19.80926841,6.961287219,0.025252869,0.035628725,4884.103923,1284.736373,1.959129483,2.208129925,-0.008308731,0.074419787,0.111391187,0.045673119,0.475,0.3375,sad
516,112.3471467,21472,499.3488372,0.413846676,0.305425515,0.482633355,0.272065513,0.255435077,0.134485147,6.101555201,104.5886971,-3.484224119,39.14366047,0.003333009,2.629624991,1.18522799,0.083828546,3119.068632,936.2501925,2765.450745,351.9855604,21.50397172,6.858972781,0.037267894,0.057253212,6273.205118,1566.843114,1.129773191,1.704507766,0.008139076,0.076364781,0.168600942,0.105881118,0.4625,0.4,sad
446,129.1992188,143368,1194.733333,0.303362259,0.300067449,0.49588069,0.27114411,0.255325033,0.134693953,11.69984546,65.72977748,2.975054998,38.07511844,0.012815339,2.299595331,1.832244158,0.231343314,1893.9896,756.4703595,2337.950311,467.7064219,21.47625008,6.198740655,0.012292291,0.030638961,4095.121951,1911.007459,2.492969435,2.890399642,-0.005321563,0.080259275,0.075915598,0.045033506,0.4875,0.425,sad
705,161.4990234,124901,1015.455285,0.278310284,0.298071961,0.485932913,0.274691313,0.248229447,0.147361715,12.22416084,82.65320367,0.917144088,55.69329414,0.017512183,2.106311331,1.176152229,0.157678142,1025.33572,547.6590636,1498.304763,439.0155187,22.90264019,6.717970252,0.00208564,0.023484793,1796.513968,1288.348923,1.916679462,2.351104532,0.018024879,0.066941184,0.045378118,0.027446092,0.4375,0.1875,sad
694,135.9991776,31150,546.4912281,0.454855942,0.306001128,0.486645232,0.308941557,0.246009865,0.151038007,14.49880739,180.4421153,-1.584470772,36.19961668,0.026238835,4.581944082,2.188593626,0.011802393,3208.76674,1239.416765,2968.167893,469.2923817,19.4792329,6.139598969,0.053407658,0.067155331,6816.103228,2064.724411,2.001447141,2.964606858,0.011977036,0.082612643,0.142965878,0.11612418,0.3375,0.3875,sad
659,103.359375,36229,670.9074074,0.313590312,0.297231142,0.465925791,0.29158421,0.246948507,0.149498388,13.17039545,85.35409023,3.253371759,34.83403391,0.006250601,2.940741535,2.052509546,0.159352258,2183.989111,739.7915774,2568.769119,402.4812713,22.23735899,6.578124055,0.017404422,0.038363941,4883.258674,1756.071535,2.451933647,2.88402078,0.004319443,0.083969532,0.079630305,0.045520291,0.375,0.3875,sad
56,89.10290948,21308,560.7368421,0.374212582,0.293517114,0.451757826,0.256795752,0.252730243,0.139501819,4.500515559,30.89569577,1.529199404,55.20448624,-0.004155619,4.146326658,1.471785426,0.005023573,1939.111241,1162.823624,1959.252025,837.7065721,22.7214892,7.964501527,0.013979242,0.030214403,3956.779551,2368.504387,1.625127745,2.186021547,0.03378054,0.060960939,0.088662255,0.071584559,0.275,0.4125,sad
913,89.10290948,36097,721.94,0.392358939,0.306605005,0.445191874,0.286072314,0.234786565,0.167954167,9.72393571,70.08202811,4.79425185,49.10611754,0.020039228,2.521927293,1.32438755,0.046063185,1317.534952,605.6622904,1772.413756,496.1900279,20.76577385,7.443496303,0.003897416,0.026794979,2819.020903,1432.733707,1.992763666,2.306999808,0.000343944,0.088748897,0.046726451,0.026982758,0.275,0.35,sad
63,143.5546875,41024,612.2985075,0.48697171,0.281659549,0.447061718,0.289915719,0.245017243,0.152642995,16.40272157,134.7604527,3.732825415,33.76297709,0.02680902,3.464914296,2.130951166,0.006878321,2272.531642,1092.645667,2509.618603,533.848218,20.19903089,6.5514563,0.026314644,0.062192988,4800.167193,2213.548506,2.617723084,3.027644869,0.016378304,0.085602215,0.082318291,0.084581274,0.4625,0.375,sad
946,143.5546875,93441,916.0882353,0.412020139,0.305689121,0.472119386,0.287944541,0.247299503,0.148917055,19.59033589,125.0606718,6.879087794,30.92111468,0.008039877,2.7517977,2.392556429,0.054947007,2339.527535,863.4922835,2811.11347,468.4811975,20.39088103,6.954066723,0.014667122,0.03188999,5657.300634,1989.411977,2.943773143,3.336448427,-0.004284923,0.077132242,0.070164305,0.048795416,0.4,0.425,sad
252,117.4538352,36897,636.1551724,0.360014829,0.299258075,0.446472793,0.284673805,0.239879595,0.160596118,0.188036391,5.369368657,-8.203477018,83.83814894,0.008698602,2.630373966,0.246177286,0.055305541,1469.488577,926.8292802,1750.655422,697.2999258,22.62646755,7.959222694,0.005361946,0.02362963,3021.50911,1951.81488,0.241670593,0.350550922,0.006969632,0.07275342,0.062188246,0.046091306,0.3625,0.1375,sad
401,129.1992188,95238,971.8163265,0.624252842,0.23228604,0.369572133,0.308312523,0.212688576,0.19518428,37.79765347,281.7922383,8.337327497,56.17588971,0.014018344,5.987827978,2.049001455,0.005218339,1639.046378,1257.200108,2298.305921,1000.89351,21.2490902,6.674837529,0.007368591,0.024669198,3893.220499,3116.544104,2.466724128,2.925318699,0.037990796,0.102559151,0.02715809,0.058958256,0.25,0.35,sad
60,86.1328125,49965,861.4655172,0.309040748,0.295418039,0.432423865,0.274802966,0.242777984,0.156179972,13.31613079,66.49665379,-1.70106182,38.51220877,0.001784934,2.350242753,2.122853756,0.280821741,1917.69126,666.7553784,2335.267228,463.6346823,22.18485711,6.910455249,0.007890506,0.014382675,4211.154095,1695.371171,2.599726053,3.129926846,0.015031486,0.076178486,0.075510877,0.038533442,0.409090909,0.420454545,sad
992,107.6660156,66528,899.027027,0.408357728,0.307799522,0.448568789,0.293009714,0.248862725,0.146289704,1.938268376,20.35491663,-4.428803126,50.0661255,-0.002687111,4.058159567,1.025672674,0.053895228,2952.594629,920.9270541,2662.051598,392.9159241,20.6996217,6.918070896,0.04681997,0.063827507,6070.44873,1585.432543,0.986931223,1.385867461,-0.009166958,0.079626159,0.143986331,0.09268845,0.3625,0.4625,sad
257,129.1992188,171610,1310,0.609234251,0.273755388,0.406952156,0.298551714,0.238449477,0.162711954,29.44155461,216.777803,6.574242372,47.78788988,0.011682781,4.725545712,2.255529165,0.09021768,1961.386634,1036.160628,2453.717914,826.7627731,20.69216971,7.088686451,0.011084322,0.032735169,4718.538869,2615.551784,2.77369995,3.411750695,0.053045962,0.097614323,0.048201528,0.051496437,0.3125,0.4125,sad
894,117.4538352,47846,714.119403,0.505837864,0.281030663,0.355620149,0.303140476,0.210715311,0.197312926,17.24331382,141.9900904,5.85035005,43.15858826,0.019289452,2.294853775,1.411001801,0.034509912,1515.402191,734.8107566,2138.635406,572.0744981,22.01198932,7.559854692,0.003773002,0.008877277,3313.388582,2057.856345,2.122657331,2.346021213,0.017494936,0.109984048,0.035493317,0.033697747,0.375,0.375,sad
948,129.1992188,258799,1648.401274,0.44313802,0.292631912,0.461713684,0.294115789,0.24196297,0.157439685,20.62643644,195.0918397,5.631870016,39.86413494,-0.000624137,3.771668269,2.190924883,0.057066526,2013.626061,988.9951527,2371.189684,653.1106732,20.63857039,6.717611793,0.015635872,0.036873285,4432.521129,2259.238772,2.790444339,3.329905042,0.010550314,0.077599724,0.074120542,0.059321324,0.4,0.4875,sad
267,198.7680288,112180,869.6124031,0.450587698,0.298549944,0.411911253,0.310698903,0.222417606,0.184021037,13.42642164,147.3918579,1.071962975,48.23888692,0.014952245,5.369869316,2.217904091,0.115805954,2473.69248,1536.712566,2419.010441,781.8550143,21.12050924,7.347987839,0.026820324,0.051447269,5010.312332,2720.349518,1.89706818,2.826302744,0.001076749,0.102956191,0.088889558,0.084717081,0.35,0.275,sad
412,151.9990809,34182,534.09375,0.439585297,0.308756596,0.440611194,0.302901497,0.233811914,0.169308364,12.2253754,97.49640006,3.157638281,37.17077454,0.001436163,3.01811285,1.987997055,0.032806676,2363.506756,945.5240783,2422.756108,544.4869486,20.69415689,6.700120076,0.021400006,0.048857309,4840.451503,1791.193886,2.42459256,2.898015562,0.005651687,0.086905178,0.102622468,0.090028055,0.4375,0.5,sad
931,129.1992188,194089,1396.323741,0.387600633,0.308741331,0.433849368,0.297283538,0.240743456,0.159298216,16.14572255,170.4366337,0.540574072,46.85576053,-0.002116411,2.761379947,1.431561589,0.277768314,2074.159796,1052.237404,2411.353235,595.6060543,21.32091958,6.553542641,0.026898351,0.107266545,4448.58271,2303.826016,1.878351955,2.584810171,0.000379019,0.073650009,0.08155413,0.090634006,0.5,0.4375,sad
656,135.9991776,78072,857.9340659,0.409674458,0.304665692,0.419828097,0.287772292,0.237821685,0.163628175,13.36316596,85.82704648,4.247721073,36.58633605,0.010941359,3.227786789,1.909552097,0.17748706,2022.596142,907.3440844,2295.349765,534.0813058,21.05127508,7.518603517,0.015733941,0.044549406,4309.530443,1922.256628,2.460217174,2.835720912,0.007131291,0.086597708,0.072180423,0.053305209,0.4125,0.4875,sad
61,151.9990809,41533,593.3285714,0.482161267,0.28552799,0.472401216,0.292031549,0.245506985,0.151854053,26.63080379,168.4215789,7.637255664,42.28297707,0.012979398,4.595250071,2.274638414,0.05475308,1940.379167,1077.985666,2470.623196,736.5889232,19.7905974,7.257296938,0.009812601,0.03353069,4431.071523,2708.711474,2.798962184,3.21858608,0.000538415,0.080701824,0.049387951,0.046614894,0.275,0.375,sad
506,123.046875,50416,730.6666667,0.321346617,0.288820816,0.43895584,0.277979429,0.235427424,0.167054666,3.792226595,19.85117357,1.993445243,40.80395594,0.018798715,2.038062927,1.061160207,0.007351551,2209.814787,589.2129876,2721.144291,390.7525675,22.30394403,5.825780541,0.011431742,0.012916017,5139.517308,1571.112655,1.394985662,1.49839728,-0.0214272,0.083631544,0.081030373,0.031088416,0.375,0.275,sad
366,151.9990809,88500,912.371134,0.655926198,0.227832535,0.286048421,0.317102375,0.188921743,0.218270265,28.26254291,241.080524,7.938057924,44.73876171,0.018276726,4.520596308,1.733321428,0.019295169,1754.779045,982.4217809,2348.853464,740.4630975,20.50844333,6.83293683,0.00644492,0.028551778,4126.567996,2459.477257,2.152841601,2.555155537,-0.039192917,0.137754144,0.021729344,0.018917846,0.2875,0.2625,sad
550,92.28515625,31215,664.1489362,0.438357003,0.298909374,0.382427036,0.295902028,0.228094708,0.176935405,20.33009905,117.4687545,7.762047188,33.59423924,0.018770886,2.996366017,2.270071983,0.02436381,2090.404589,832.0659048,2549.168994,566.9945454,20.43955411,6.034289195,0.01055201,0.02731872,4836.794327,1941.756269,3.004487054,3.369327965,-0.013265183,0.099393385,0.072898268,0.04708179,0.375,0.4375,sad
100,95.703125,52696,893.1525424,0.445333822,0.28583452,0.372872419,0.300040197,0.218540366,0.18860923,3.741312066,58.96327808,-2.237592614,71.56048244,0.003321067,4.240854426,1.17534852,0.118158422,2068.143342,1400.508432,2427.839908,1111.164576,20.901171,6.406194611,0.018896485,0.048845094,4669.740362,3354.625222,0.880725829,1.657680694,0.022300726,0.092725879,0.061668082,0.052701041,0.3,0.175,sad
277,172.265625,34310,519.8484848,0.611042086,0.258433312,0.552847326,0.261293712,0.262473963,0.120169681,24.98125489,223.6479997,8.83164464,41.14297505,0.021326097,4.367156074,2.443671465,0.009113253,2403.542551,1355.636859,2634.443414,833.0448668,20.03122094,6.536373327,0.014659153,0.021340614,5250.069283,2853.400875,2.612255661,3.230174153,0.004076363,0.062045024,0.053917373,0.041426896,0.3875,0.2,sad
783,117.4538352,41052,695.7966102,0.491362328,0.271165874,0.349880215,0.310295222,0.208278002,0.199883985,20.98402338,141.3232683,7.520144325,30.97772104,0.02533544,2.923005573,2.356216192,0.028219206,2467.214698,852.898284,2850.811461,517.717558,20.6029893,6.60603147,0.014672105,0.022774041,5788.007972,2006.225216,2.744416666,3.111061243,0.044869788,0.119536896,0.059641786,0.032885373,0.45,0.475,sad
197,64.59960938,17803,593.4333333,0.320644897,0.299932768,0.406143643,0.28913061,0.234781704,0.167960963,9.89833889,55.14623061,2.25964628,41.00126194,0.009266666,2.204062742,1.73371613,0.060354564,1809.185946,579.4560043,2168.149208,390.0846025,23.523233,6.701470377,0.006579226,0.009341639,3872.530973,1357.292045,2.219734586,2.68451647,0.012719436,0.091575022,0.070533217,0.029525869,0.4375,0.3375,sad
435,184.5703125,47498,579.2439024,0.433090966,0.315530162,0.364925411,0.304582745,0.214498659,0.193193319,17.32802333,144.4132511,3.129475382,53.60060874,0.021674003,4.285072004,1.422360063,0.048653949,1450.138748,813.3536467,1969.151697,637.225938,21.15669923,7.481457969,0.005156016,0.03105926,3077.38122,2051.551764,1.887209865,2.529648469,0.016183283,0.100821639,0.041186209,0.036812953,0.35,0.275,sad
968,129.1992188,77009,885.1609195,0.481398464,0.2918877,0.374600431,0.306049127,0.216984694,0.190396891,19.33335328,124.5757734,7.503053234,36.10051664,-0.00120496,2.982146588,2.509543657,0.241642833,2645.610851,880.8517374,2973.762654,558.506631,20.1901334,6.955517483,0.016855687,0.034469444,6508.372001,1910.807293,2.645671104,3.271900727,0.006911502,0.107550672,0.082679146,0.04323295,0.4,0.4875,sad
523,75.99954044,53745,959.7321429,0.413448628,0.314003595,0.45304274,0.291042581,0.242183515,0.157100217,15.71080999,169.7524729,3.927790678,42.51975835,0.006818965,3.665712428,1.690156341,0.018798292,1828.08528,1069.220792,2196.230348,645.5321777,21.01817352,6.592302318,0.016534476,0.041395295,3687.462771,2356.654023,2.165349007,2.734384199,0.017962532,0.0677433,0.069810488,0.055468467,0.3375,0.3375,sad
851,92.28515625,62154,956.2153846,0.433199621,0.306341518,0.581514001,0.267246526,0.274488585,0.089383164,23.22705572,217.7698559,4.50001845,33.48905082,0.010750557,3.157388317,2.537813663,0.153982386,2144.206544,1050.825472,2322.846925,490.4445347,20.73628582,6.980891701,0.029256191,0.05806756,4478.984716,1916.878435,3.150070238,3.922319559,0.001069668,0.048028375,0.099137107,0.094175139,0.4125,0.4625,sad
383,151.9990809,32855,529.9193548,0.406020207,0.280043926,0.508190503,0.258442203,0.259063097,0.12735637,2.784829527,12.36792705,-0.303802266,29.87699761,0.020435209,2.124795948,1.441709042,0.012642887,2828.22124,796.6365461,2703.243347,335.6453109,20.58372966,6.593048252,0.041331794,0.048261765,6064.759805,1425.362038,1.61354039,1.81767155,-0.013970937,0.068772485,0.148740696,0.07233814,0.4125,0.5,sad
309,80.74951172,18931,540.8857143,0.422701739,0.295436557,0.49281422,0.274751442,0.250159161,0.144061541,6.895490506,54.32895964,1.085073214,38.09773435,0.024822941,3.062981055,1.319937706,0.01057505,2496.151855,960.8693513,2822.819,475.1415661,21.73856637,8.462151944,0.014046298,0.037408173,5848.183829,1857.244996,1.542831567,1.776585475,-0.015150814,0.07365583,0.086063269,0.059968273,0.3875,0.35,sad
349,172.265625,83409,772.3055556,0.350913865,0.305636199,0.398098754,0.288411307,0.226725442,0.178686617,8.221765726,56.84633438,0.974015367,47.67517845,0.005783597,2.809931053,1.233416438,0.056054581,1460.83302,559.7751161,1952.714382,464.7869646,22.58981329,6.43461416,0.004490486,0.027034,2907.50238,1451.707941,1.780807723,2.076189307,-0.003100868,0.087763176,0.052076626,0.028250671,0.3375,0.275,sad
934,117.4538352,41896,675.7419355,0.412214852,0.309171845,0.468662551,0.284571311,0.257047205,0.131377578,19.24049324,171.7981107,-0.445089231,31.19619025,0.004067767,3.394971885,2.834396362,0.035139974,3211.625249,1205.221789,2944.621909,395.4496171,21.12236289,6.669317438,0.043234531,0.059549529,6820.407075,1876.096974,2.646900302,3.362875352,-0.012323617,0.07811332,0.139722046,0.108682254,0.3875,0.4875,sad
612,107.6660156,21527,512.547619,0.368104237,0.314815651,0.413647998,0.285039878,0.249757013,0.144757617,9.014787969,103.0014658,-9.24545057,38.87625814,0.00810155,4.247270417,2.015899658,0.002896485,3125.336927,1299.221566,2710.097793,477.3557316,21.34663595,7.075441107,0.049749382,0.075230554,6308.480258,2071.228684,1.786433659,2.615114692,0.040479427,0.101718231,0.149012032,0.096804687,0.375,0.4625,sad
5,135.9991776,346126,1784.154639,0.541599282,0.290635539,0.39159674,0.31186502,0.220582591,0.186216685,21.68767694,235.7876975,4.373838721,44.84346952,0.006413739,4.645559816,1.744215369,0.034893848,2208.561246,1280.254661,2432.41519,688.2444979,20.70269703,7.986009278,0.018898571,0.040839959,4795.694169,2469.81432,1.980876416,2.545270603,-0.016017441,0.103379162,0.067458483,0.080127628,0.2,0.15,sad
9,89.10290948,16049,486.3333333,0.430475814,0.30610795,0.434318355,0.309119671,0.235811426,0.166512176,23.81020833,212.1749187,3.060159752,28.54123316,0.03342508,3.256104708,3.021837711,0.002039194,2939.282126,1054.386598,2751.091261,457.5285739,20.26811889,6.864669892,0.037127387,0.058811739,6062.670087,1852.846004,3.213890633,3.67243188,0.004230001,0.09208867,0.117895582,0.078413355,0.2875,0.45,sad
348,117.4538352,199448,1488.41791,0.290751292,0.303475732,0.412895628,0.282204913,0.238891106,0.162062867,9.702236976,56.32657163,-1.618892926,52.04861076,0.003571053,2.547516147,1.368686318,0.202655911,1417.612215,677.8743639,1732.679832,681.3426077,23.98760122,7.852171875,0.00301904,0.02628273,2826.956959,1769.48236,2.049673768,2.428340302,0.005323859,0.087597848,0.061758712,0.032802044,0.3,0.4625,sad
926,151.9990809,77412,814.8631579,0.284438894,0.295418978,0.422811237,0.286234721,0.234083292,0.168932963,5.553674374,30.57218239,-0.933125512,45.26056076,0.015909064,2.602841463,1.16043067,0.036371067,1761.404969,777.5270486,2224.122468,441.2250993,22.31225589,6.45727196,0.009003422,0.031776473,3767.174109,1611.871077,1.525372936,1.792524632,0.010312139,0.088947649,0.065243491,0.048792518,0.4875,0.25,sad
398,123.046875,41509,728.2280702,0.505714741,0.266460895,0.346347119,0.300237979,0.210190029,0.197872395,17.59422768,131.7689575,6.17727988,51.63461085,0.023439463,5.189679262,1.939163566,0.028887186,1878.929876,1197.824989,2419.694649,934.028283,19.95718439,6.276218463,0.01289073,0.035977256,4322.400433,2979.233986,2.230823898,2.793458426,0.002745603,0.103251837,0.040894262,0.049265327,0.4375,0.4375,sad
750,161.4990234,139624,1049.804511,0.520774877,0.289229219,0.340083536,0.309895669,0.206411825,0.201810534,37.92640964,326.3522789,7.322404779,36.01728242,0.011225272,3.793545688,2.152277946,0.056787077,2127.509675,1063.131309,2600.344686,656.2740438,20.80628072,7.051643063,0.008593348,0.027537825,4922.651326,2453.646808,2.669789513,3.064469768,0.017860101,0.102535207,0.039325599,0.041741312,0.2625,0.4,sad
273,117.4538352,92657,1007.141304,0.473053382,0.283728501,0.399984638,0.295114673,0.223130559,0.183155909,9.112169514,84.9353576,2.366635402,54.79278156,0.010387708,3.949876245,1.434897542,0.019411715,1468.358943,984.3415049,1916.475811,711.1010264,21.41977531,7.318278493,0.005864435,0.015313219,3177.564656,2234.585878,1.820592399,2.501705326,0.005749792,0.102040284,0.049706661,0.048095432,0.3625,0.3375,sad
8,103.359375,57870,851.0294118,0.390945772,0.297208009,0.405228529,0.287930287,0.227550978,0.177634134,22.73597519,117.34381,8.658091215,31.64917221,0.016107141,3.527452654,2.866859436,0.030815447,2154.091267,876.7761828,2519.07563,560.5177747,20.49096745,6.374227782,0.014281224,0.020651639,4787.754798,2044.999617,3.633710816,4.106437725,-0.011472276,0.089897294,0.074883662,0.043810466,0.225,0.3875,sad
419,198.7680288,60384,635.6210526,0.214657292,0.29613572,0.396700918,0.277381294,0.232385652,0.171260743,0.431069357,4.00886462,-15.4974001,70.81229674,0.010355642,1.867638619,0.257770419,0.009893881,1713.278719,601.9030834,2026.422583,434.0880774,25.06517488,12.88693316,0.003066977,0.031853713,3550.989939,1548.298737,0.350960644,0.406653646,0.004456926,0.096800802,0.064070122,0.034358337,0.225,0.0875,sad
393,161.4990234,33868,521.0461538,0.450485219,0.278124186,0.444210589,0.27664029,0.242016234,0.157357795,17.34203271,135.5458235,7.511759377,29.09726563,0.033719057,2.573561602,2.820149422,0.028522877,2283.677538,708.5724645,2253.228027,404.7167104,19.07940041,6.266715698,0.028440213,0.050610967,4539.295011,1459.063432,3.569380217,3.943941417,-0.009667837,0.07286758,0.102525939,0.050908088,0.4625,0.5375,angry
970,135.9991776,96455,955,0.382675809,0.290656927,0.397640218,0.283119214,0.235451435,0.167020823,16.9983832,123.926633,5.357410227,33.02624009,0.013079496,2.801142912,2.451538801,0.088481173,2033.288385,782.7650088,2339.860087,528.1041208,21.1572716,8.323056467,0.014063177,0.02650043,4544.414728,1928.980512,3.220494213,3.591872334,0.003120961,0.092975117,0.087128308,0.047446401,0.4875,0.7,angry
983,143.5546875,41154,653.2380952,0.441084512,0.303206914,0.454770463,0.298033317,0.238925131,0.162012701,22.8436518,184.7961195,4.038537807,38.57070088,-0.002088979,2.801908325,2.981061697,0.090999149,2934.30597,1018.465754,2831.990509,534.8519216,19.56018429,6.442696074,0.047816023,0.083935484,6356.583936,1995.227067,2.998751804,3.613678795,-0.007136379,0.082143218,0.117589183,0.101036834,0.5,0.775,angry
594,129.1992188,184263,1375.097015,0.486570123,0.284809033,0.31421727,0.317803825,0.194877252,0.212969927,17.92446824,165.8687052,6.882801371,38.38983771,0.007782619,4.823227283,2.111172438,0.059774254,2723.70308,1157.259309,2988.107395,561.3988864,20.27003573,6.406168002,0.018142184,0.032559175,6185.724899,2309.00372,2.093538324,2.738208302,-0.018026043,0.13083378,0.058342528,0.048073541,0.4375,0.5125,angry
777,129.1992188,70489,859.6219512,0.376718376,0.293897671,0.63501231,0.22297934,0.28091111,0.066500238,2.204673342,11.57693006,-1.546802348,37.68097961,0.012941019,2.710065101,1.295630574,0.054898545,2273.409573,504.8806682,2210.49862,309.7648823,19.49876928,7.740924865,0.023768768,0.023926124,4658.898862,1130.063385,1.510121813,1.862247011,0.00599294,0.04364548,0.120115206,0.035205345,0.475,0.525,angry
673,143.5546875,193826,1327.575342,0.336214172,0.308621666,0.478744674,0.278072243,0.253670483,0.137784685,8.489705588,96.83942362,-4.354952208,44.60942412,0.01024495,3.034098163,1.858553529,0.586138546,2740.588031,1118.857981,2626.751119,484.2134884,21.286736,6.746085093,0.034121834,0.052015755,5713.837755,2046.492069,1.743714834,2.726550568,-0.01887018,0.075746138,0.132983799,0.096708436,0.2,0.5125,angry
677,151.9990809,42981,614.0142857,0.582902504,0.284652956,0.290556258,0.30082844,0.186070236,0.220706141,27.87304437,227.6865593,8.536614806,29.86029352,0.019956733,3.090230334,2.30920434,0.028516741,2334.162959,724.0659742,2619.837228,397.5055689,20.02526005,6.737529312,0.010593384,0.01505729,5228.85746,1623.431253,2.858076506,3.260810956,-0.044485898,0.119665263,0.042276704,0.028544564,0.3625,0.5625,angry
952,129.1992188,46867,689.2205882,0.415013407,0.299275341,0.380870179,0.302387962,0.220216576,0.186649386,16.80723486,158.2761757,7.089346011,30.43684504,0.015955029,3.084144228,2.40342164,0.068759233,2724.264857,1019.255042,2770.890775,567.8464594,20.46976843,7.179219902,0.025005709,0.040046137,6028.442503,1917.860238,2.570851147,3.263869469,-0.00770526,0.099017079,0.096869994,0.063216221,0.4875,0.525,angry
672,92.28515625,17196,491.3142857,0.422976093,0.312167706,0.363852052,0.306621276,0.207731916,0.200451452,17.38110145,118.7688992,6.715567085,36.14723157,0.025673779,2.853537464,1.622883558,0.005708277,2029.881474,749.8875451,2605.97599,494.79253,21.04157693,7.410913877,0.006883394,0.03475501,4797.75162,1904.216154,2.230958179,2.475040247,-0.006016359,0.096508659,0.045170195,0.033974961,0.4625,0.55,angry
676,99.38401442,22638,526.4651163,0.526384341,0.289635404,0.419178232,0.297464832,0.232434735,0.171194121,26.89964121,189.9390886,8.391303004,28.9104638,0.032708135,3.471146142,3.146725416,0.03617429,2570.164729,852.9152053,2836.069523,467.3291926,19.34195791,7.046689175,0.023565892,0.050136115,6048.565001,1803.66576,3.274526983,4.065522298,-0.012632172,0.082956172,0.05432819,0.053806164,0.475,0.55,angry
911,143.5546875,336618,1762.397906,0.483436597,0.304217631,0.358314562,0.309774823,0.209033237,0.199094046,22.11846501,196.343048,4.916857551,40.56164773,-0.000755853,2.971852194,1.78249979,0.35934034,2120.779234,933.2411578,2573.080568,549.472303,21.02752434,6.912397517,0.011544744,0.03220135,4831.243214,2133.345071,2.181487768,2.738553443,-0.017458078,0.112724314,0.053029766,0.061731862,0.3875,0.525,angry
583,129.1992188,69313,825.1547619,0.288711486,0.28886888,0.363526211,0.280234478,0.21491857,0.19272608,15.27680567,69.97766552,6.521667989,32.43755174,0.018849769,1.978769825,2.183195114,0.101988189,1932.471268,567.2860198,2282.526287,400.0644025,23.93035254,6.850055255,0.007892072,0.026697936,4244.321153,1376.412097,2.973478312,3.215312102,-0.011446597,0.108044919,0.081375077,0.039964671,0.5,0.5125,angry
693,135.9991776,19528,513.8947368,0.455908386,0.314840099,0.365987051,0.306709756,0.218793379,0.188315667,24.68798906,180.7577968,5.871801197,32.59065044,0.039226861,4.00184771,2.864649296,0.000938058,3032.570616,1224.080132,2904.630175,524.0225896,20.47479347,6.996813866,0.026535602,0.047485802,6327.969057,2163.123237,2.734284781,3.198060259,0.032001852,0.113156959,0.091561357,0.06176105,0.4,0.6,angry
445,117.4538352,65945,845.4487179,0.365240604,0.299037277,0.435186251,0.271093324,0.240136015,0.160212445,16.50770297,80.48462358,6.668301744,34.4693526,0.016465542,1.664911391,2.711015701,0.29925099,2226.181023,794.0398725,2544.955805,532.9206361,20.57477842,6.451619013,0.021191174,0.032431718,5140.65591,1848.756742,3.322967492,3.790563039,0.010414796,0.081330906,0.089892437,0.042895131,0.4625,0.5875,angry
796,135.9991776,46262,660.8857143,0.504626514,0.292020761,0.405072301,0.315578734,0.224670227,0.181263958,24.01176281,192.1136933,4.988235595,25.57390866,0.023859826,3.293343369,2.945795298,0.049868055,2859.426448,1001.532485,2702.678978,390.9135429,19.61513738,6.848030821,0.043844711,0.070400223,6016.806973,1653.672936,3.177035043,3.736453161,0.034982113,0.097080689,0.104639366,0.098742741,0.375,0.6,angry
780,143.5546875,40092,598.3880597,0.408093186,0.292231024,0.374996188,0.295272398,0.21841554,0.188753768,22.71655211,148.7768932,7.888202002,33.85160686,0.024161475,3.261393374,2.327939987,0.010225909,2350.26083,915.4024595,2839.914377,644.3149514,21.7936557,7.330066894,0.011184433,0.034128867,5661.556825,2499.462767,2.799411072,3.137770582,0.025364734,0.093792853,0.056981775,0.024664263,0.4375,0.5125,angry
520,129.1992188,181027,1340.940741,0.533383618,0.286072526,0.317016475,0.308779364,0.190897496,0.216544405,31.57222364,260.1348938,6.333260096,32.09951639,0.005356462,3.340421026,2.261702299,0.077918023,2383.230609,915.5010963,2736.389161,495.3672788,20.3015485,7.967159436,0.013746122,0.031185756,5547.702623,1922.749006,2.709836634,3.154938162,-0.035042262,0.113840597,0.063927256,0.060350616,0.15,0.6625,angry
962,143.5546875,39401,645.9180328,0.55614432,0.290072852,0.351917496,0.320209358,0.200761083,0.20743269,51.40721026,433.4480536,6.334994281,27.29146348,0.026015754,3.291061595,3.390428782,0.047237072,2823.594316,1152.109991,2815.438717,495.53848,19.07831181,6.689733193,0.023880193,0.046209309,6227.275071,1966.819363,3.726818632,4.325221032,-0.052994792,0.098510778,0.087195643,0.114224457,0.2,0.6375,angry
319,143.5546875,41210,615.0746269,0.326778329,0.283019452,0.53697001,0.245552914,0.263291837,0.11836698,14.48623332,55.49489296,6.76382169,23.70713178,0.025251657,1.400040488,2.930038691,0.066482641,2457.740538,402.3731849,2549.069431,229.4935187,20.40448759,6.927702095,0.027366409,0.042168979,5212.732518,837.2156811,3.772536052,3.968634154,-0.007222786,0.067476838,0.115015516,0.029302189,0.5,0.7375,angry
228,123.046875,10776,336.75,0.485563324,0.283158908,0.534079543,0.250281416,0.265534829,0.113245697,4.787946644,27.56452337,4.34850737,45.23122097,0.042346458,3.277572462,1.524085045,0.074823022,1754.699929,779.0035634,2107.510937,643.5372172,19.40676671,8.273482787,0.014073323,0.03509856,3741.74462,1809.460321,1.828331145,2.396573426,-0.002068476,0.052289361,0.068673119,0.042623745,0.425,0.55,angry
135,117.4538352,68200,863.2911392,0.421492917,0.284141552,0.547513661,0.261545921,0.263202372,0.118565781,9.097003069,65.41527622,5.71079297,28.24515682,0.015826913,1.858605392,1.841399312,0.035387244,2383.895138,584.580215,2609.32334,334.2019938,19.76904708,6.305813125,0.024576979,0.032195706,5352.639108,1334.707409,2.353910295,2.655172722,-0.002802612,0.06211455,0.098933293,0.040507638,0.4,0.7375,angry
935,129.1992188,101334,1013.34,0.434432652,0.292522706,0.466019873,0.291660863,0.250403586,0.143636269,21.77493465,171.6457003,4.55335949,37.94119641,0.011679239,4.384933622,2.682689667,0.088121928,2370.370298,1240.553117,2571.190161,738.6618391,21.17211545,7.241489692,0.021948637,0.047497038,5252.534642,2485.662163,2.926938307,3.731695451,0.017863913,0.081994093,0.086420963,0.065906204,0.386363636,0.511363636,angry
969,112.3471467,161718,1382.205128,0.357424015,0.314183226,0.526274835,0.285888269,0.266386158,0.111228361,7.921219076,86.00058388,-7.969950763,48.7422427,0.000305032,3.391238557,1.804371834,0.178367645,2330.557974,1069.211046,2283.636907,755.8138971,20.95295357,7.322986179,0.031216111,0.050743882,4723.472569,2347.389331,1.691386221,2.636270406,0.016616032,0.067392211,0.115580248,0.07560754,0.175,0.5125,angry
769,83.35433468,32282,733.6818182,0.364322455,0.291125046,0.523925285,0.259969706,0.261017983,0.123300227,8.51036764,66.27480855,-4.092912792,34.99588359,0.016959438,2.813376057,1.949741364,0.03939496,2550.548055,1062.054976,2642.046001,500.6294734,20.91518982,7.146251807,0.028059341,0.043593492,5403.945336,2062.460711,2.186102805,2.761415431,0.003939252,0.072650311,0.116140993,0.084606435,0.475,0.525,angry
540,117.4538352,89611,1041.988372,0.40187865,0.309892029,0.398173412,0.296904236,0.227182925,0.178104609,13.60931913,157.7200235,5.812935948,37.02909864,-0.001040675,3.387824479,2.335914612,0.092918575,2348.742333,966.2529145,2551.414178,571.5739413,20.46336926,6.863982287,0.02616081,0.044697784,5108.630094,2106.140945,2.436855866,3.247501458,0.002401705,0.09632602,0.091570305,0.056302272,0.3875,0.5125,angry
6,143.5546875,42379,623.2205882,0.566550899,0.25282322,0.335957029,0.30310398,0.200151126,0.208021298,19.77009588,160.4164972,4.998831395,42.2018048,0.004053976,4.350685307,2.510212898,0.138669997,2507.5977,1118.826272,2501.780486,628.5347297,21.40875333,7.861939238,0.021821195,0.048385419,5198.751057,2224.805582,2.572014255,3.284027345,0.024729781,0.114717085,0.087749908,0.06483127,0.35,0.5125,angry
727,92.28515625,33163,676.7959184,0.478521512,0.303791119,0.462526746,0.297061762,0.242990919,0.155848474,17.35224841,139.4992321,4.712454844,47.40440507,0.022438635,4.131017897,1.798332572,0.056530513,1875.96484,1161.773004,2272.452271,857.6202334,21.3959124,7.018359174,0.011503154,0.027507618,4142.598187,2593.986748,2.20744004,2.732412513,-0.006221895,0.082036719,0.061923262,0.070505387,0.475,0.55,angry
500,117.4538352,43454,689.7460317,0.447645922,0.293368534,0.50296625,0.282029423,0.257988548,0.129519274,24.33525562,179.5890503,7.209777428,26.71811469,-0.001998767,3.450336072,3.320713043,0.050836105,3374.594993,1164.457581,2961.419601,549.4259225,19.52472689,6.788191649,0.054044396,0.06062058,6896.211646,1878.950469,3.147508492,3.700784217,-0.001661117,0.053922037,0.156111184,0.116785865,0.425,0.7,angry
522,129.1992188,133222,1168.614035,0.457820476,0.30889562,0.429982902,0.30862572,0.237461512,0.164150431,18.25870913,154.6199888,3.47842031,40.98417136,0.007952953,4.27934252,1.982176185,0.063362859,2258.880773,1234.22598,2356.438993,645.6015221,21.96262445,8.5483413,0.017790614,0.040501513,4684.521516,2337.403661,2.338813753,2.993409828,0.021197279,0.096179229,0.080468666,0.084769455,0.4625,0.5375,angry
495,172.265625,293141,1473.070352,0.413918354,0.291862112,0.445063983,0.282557319,0.242904017,0.155983883,22.30979256,133.7112472,5.518139149,29.27565398,0.011017484,3.024063536,3.303897619,0.163889557,2276.168373,769.5152917,2267.484749,478.3191683,21.54830669,7.765044601,0.022688275,0.03720266,4645.462752,1531.389199,4.07674319,4.568448854,-0.01192156,0.079992028,0.104043803,0.052900417,0.475,0.8375,angry
399,151.9990809,59188,721.804878,0.397057922,0.315587245,0.517439583,0.289296581,0.266437631,0.111105006,15.12874605,192.3009916,-0.323714412,33.16901372,0.011502607,3.95343992,2.269376516,0.030103471,2671.721574,1113.528207,2556.477136,517.6797263,20.69497953,7.136947299,0.036008071,0.051195942,5493.33163,2019.767849,2.400855586,3.034865629,-0.009434446,0.068023158,0.110652991,0.073116261,0.45,0.6125,angry
179,143.5546875,53757,707.3289474,0.476824751,0.284361761,0.370572096,0.326114433,0.203770473,0.204477206,32.9483653,278.2550033,7.681397305,29.70924695,0.009788458,3.657915601,3.463381529,0.088488303,2838.405787,1013.481192,2791.272185,553.615909,21.10415713,6.730381782,0.028087428,0.042938877,6181.783406,2051.731968,3.54937937,4.063490758,0.021617285,0.132489928,0.101275155,0.060512649,0.3125,0.7375,angry
524,143.5546875,24831,477.5192308,0.405323984,0.309521301,0.548802057,0.271649298,0.272739347,0.094586372,13.4266189,119.9187073,0.737470038,33.84266677,0.028725578,3.309277627,2.127554417,0.017594218,2309.968455,987.3970135,2395.707372,534.4806843,19.53153647,7.354666275,0.029481251,0.056818821,4718.310136,2030.328149,2.716776993,3.304730406,0.006560047,0.059903275,0.112791941,0.082399538,0.275,0.5125,angry
729,95.703125,41619,816.0588235,0.493298841,0.285710092,0.40955204,0.305166074,0.227756357,0.177370728,18.44152818,149.4867236,6.025677352,37.79051873,0.022934036,3.870237939,2.100226641,0.051511683,2386.937302,993.5973559,2737.329401,692.2819473,20.68332565,6.612596876,0.015324961,0.039010342,5560.575123,2362.816203,2.380105892,2.864766358,0.021121117,0.090171134,0.058324208,0.035388061,0.4,0.525,angry
224,172.265625,34284,527.4461538,0.611921697,0.258495817,0.54387789,0.266257228,0.260494509,0.124402347,20.76095208,192.3198297,8.271129025,42.95499424,0.0211894,4.396659384,2.204507113,0.00834912,2381.566405,1351.74052,2624.519572,837.4865949,20.13978864,6.511022064,0.014420037,0.021211546,5213.40464,2858.177368,2.353083735,2.96334262,0.010545731,0.064879492,0.053343313,0.041664256,0.5,0.5875,angry
957,135.9991776,35011,583.5166667,0.344908692,0.30794207,0.434360259,0.287310479,0.245297745,0.152191819,18.77762975,142.8018915,0.482073545,30.2839069,0.022711714,2.782813714,2.285780191,0.09226732,2561.085613,745.8763085,2767.170709,411.8817868,21.43336495,6.824317578,0.015833635,0.026845789,5975.410391,1625.447752,2.646775417,3.154679601,0.011756915,0.086882984,0.095507893,0.052860975,0.3375,0.525,angry
989,107.6660156,157359,1392.557522,0.42757121,0.310656964,0.419104409,0.305431584,0.238608453,0.162478735,15.18400239,191.8299912,0.375290008,32.77485596,-0.000115875,4.634092506,2.608288765,0.050637074,3086.525491,1118.079178,2689.611579,440.3367567,21.4368826,7.209970342,0.047897313,0.064134732,6220.416352,1792.991433,2.349459776,3.262887225,-0.013176425,0.088411734,0.143941365,0.103159925,0.3125,0.575,angry
31,123.046875,12460,445,0.394304835,0.310638959,0.531749185,0.282456507,0.270597687,0.100549615,12.62854434,189.8899195,-6.498082119,45.35191057,0.020614537,5.714438942,2.166350365,0.015349388,2760.871326,1397.619359,2520.844571,570.0541045,21.0046607,7.133313987,0.032493576,0.042292412,5282.346593,2311.629596,2.003730023,3.296711682,0.008653396,0.065248866,0.139060994,0.10155578,0.4375,0.625,angry
185,143.5546875,53757,707.3289474,0.476824751,0.284361761,0.370572096,0.326114433,0.203770473,0.204477206,32.9483653,278.2550033,7.681397305,29.70924695,0.009788458,3.657915601,3.463381529,0.088488303,2838.405787,1013.481192,2791.272185,553.615909,21.10415713,6.730381782,0.028087428,0.042938877,6181.783406,2051.731968,3.54937937,4.063490758,0.021617285,0.132489928,0.101275155,0.060512649,0.475,0.6625,angry
929,123.046875,93893,998.8617021,0.447412914,0.300731743,0.433209595,0.303397849,0.241571611,0.15803952,22.13115172,155.3510102,5.866373098,51.50633362,9.27E-05,5.39589094,1.964043021,0.048210323,2210.550676,1230.825746,2665.179021,684.082577,20.45228784,7.890426924,0.013892829,0.035595492,5082.699763,2763.842097,2.251562257,2.922383545,-0.00795707,0.08125193,0.06000455,0.065587282,0.3375,0.6,angry
32,117.4538352,43308,687.4285714,0.278938984,0.305750932,0.346585837,0.286657781,0.208652443,0.199493086,11.85691109,70.31181625,3.907958266,36.2183494,0.021804263,2.117335906,2.080017805,0.074808486,2263.143462,683.6374332,2438.381203,401.2200952,22.83774554,6.6647111,0.010931588,0.029000463,4683.699997,1512.805173,2.516574067,2.889138162,-0.024655626,0.108328543,0.094501351,0.043888223,0.3875,0.575,angry
940,89.10290948,146740,1452.871287,0.329988992,0.298767082,0.520829191,0.272729275,0.262927365,0.119174385,14.20700819,99.63561386,1.21929597,38.58544874,0.007173499,3.335492955,2.019514322,0.135484472,1825.149515,835.4259259,2086.178069,578.2619924,21.75332105,7.783293286,0.012576231,0.025454724,3725.743717,1883.077546,2.694766887,3.136636561,0.016234944,0.068661164,0.076720629,0.048461183,0.5,0.625,angry
90,123.046875,50183,727.2898551,0.421200973,0.297321266,0.411225916,0.30097727,0.226822489,0.178563412,18.25575181,128.5384128,6.544786317,22.44932823,0.006576227,2.041121988,2.608478546,0.026057191,2688.324289,534.5229702,2839.566038,218.8416939,19.33889981,6.129010469,0.031546131,0.033712782,6226.541872,1001.017847,3.098047008,3.46878472,0.01729682,0.086031327,0.088810561,0.049590112,0.4875,0.65,angry
589,135.9991776,85100,905.3191489,0.443627257,0.302299055,0.34983459,0.31112754,0.20833185,0.19982786,19.82035562,171.6117072,1.65080575,34.83042277,0.012462303,3.23073971,1.885418057,0.068736322,2384.557558,868.0849298,2575.936205,460.5132791,21.434796,7.06464854,0.015390288,0.039951663,5368.500332,1737.197023,2.297891499,2.8892621,-0.016378178,0.116142694,0.076478795,0.075573658,0.4875,0.55,angry
671,129.1992188,41353,636.2,0.432283852,0.311828243,0.480462556,0.274132483,0.255828826,0.133734608,23.57062714,195.0303263,6.239502027,28.88609597,0.025735255,2.438763654,2.534794092,0.068187252,2666.508142,937.8217432,2873.41822,455.4277938,20.46055908,7.064020807,0.017531265,0.035725709,6182.933118,1747.518312,2.877036551,3.476252666,-0.014009543,0.076128696,0.099814272,0.072437411,0.4125,0.675,angry
237,135.9991776,90945,947.34375,0.460088311,0.302520377,0.443388565,0.305125021,0.238014071,0.163348203,16.12730822,141.351619,3.065126037,41.19672021,0.013182184,4.431791769,1.92517519,0.081307903,2137.143323,1137.66922,2394.66802,610.1030805,21.85353059,7.69471892,0.011838763,0.021613441,4443.150009,2308.884567,2.296035249,3.001968347,0.018145065,0.088276053,0.07159279,0.060265209,0.3125,0.525,angry
367,123.046875,41485,669.1129032,0.434792584,0.293877402,0.368547901,0.31667952,0.211227972,0.196764014,22.7093909,172.8876157,3.779384458,25.42906335,0.020014306,2.736437633,2.744983912,0.107515089,2618.951938,608.6716336,2709.742768,246.6728411,20.17138964,6.704688137,0.026159814,0.043490227,5893.138375,1069.112662,3.19119571,3.76489389,0.041072812,0.095215362,0.088549451,0.056946773,0.3125,0.6125,angry
57,161.4990234,128706,1013.433071,0.532044956,0.288492593,0.359807255,0.299496415,0.211375898,0.196605094,25.3470114,213.3136374,6.611951393,33.76490583,0.001838833,3.680778121,2.342708588,0.196300343,2366.801397,949.355579,2556.596767,549.4668429,20.59651388,7.178676411,0.014567379,0.028691471,5149.983631,1871.396864,2.81247871,3.222993136,-0.021447946,0.100480433,0.070656748,0.05548714,0.3625,0.525,angry
249,135.9991776,44086,658,0.470662566,0.310801632,0.494788116,0.291391207,0.256814452,0.131831979,18.03109889,215.3870693,-2.42430607,47.20226941,0.019438452,5.008161671,1.730046749,0.10684929,2415.979813,1195.867925,2543.606968,639.8104643,21.18916802,7.832192747,0.021545485,0.03844085,5357.00837,2329.289214,1.914360092,2.745467451,0.004207786,0.079618742,0.094441336,0.088620321,0.45,0.5375,angry
959,78.30255682,66987,1063.285714,0.441712385,0.281927565,0.579986771,0.239673636,0.266829266,0.110161137,15.33884719,76.02542411,6.89875829,32.2729038,0.008164931,1.880702267,2.698141575,0.12265718,2092.022844,630.5920446,2329.968102,375.3186877,20.21999382,7.982637336,0.016761435,0.0276739,4607.031805,1300.482679,3.451674372,3.930461855,-0.005759992,0.056573888,0.090165798,0.045906048,0.45,0.8,angry
55,184.5703125,63118,664.4,0.361805215,0.291493639,0.40591684,0.289185718,0.22842884,0.176503819,15.40340864,96.41229603,6.183759036,41.43445634,0.018840958,3.616625326,1.994889736,0.020794481,1746.832024,851.0398051,2153.009792,657.9211302,21.57918245,6.642336725,0.009235262,0.018254215,3608.996599,2017.189558,2.810367779,3.138309427,0.025494169,0.075882378,0.066971682,0.040487432,0.4,0.625,angry
697,143.5546875,63607,775.695122,0.377868148,0.288760738,0.438344936,0.293554471,0.242878401,0.156023767,13.54289701,143.2873917,4.58848659,43.87783153,0.009432953,4.761545734,2.543502331,0.196497932,2856.727309,1439.531532,2785.36176,928.5251003,21.51322133,7.095667778,0.0367526,0.05755971,6150.467939,2935.583759,2.222738552,3.154457727,0.011563245,0.083703744,0.132977252,0.087904876,0.4875,0.7,angry
611,107.6660156,10694,356.4666667,0.372767203,0.315645489,0.518647397,0.272642065,0.270528622,0.100735286,13.81615259,155.6311301,-4.194668234,32.53551386,0.046593719,3.247325733,2.331469297,0.15857172,3148.856049,859.8717708,3100.295724,202.6198427,19.49502626,7.39971684,0.042399425,0.058316499,7347.325463,867.3976619,2.166313022,3.062020493,0.016994507,0.069063937,0.129099168,0.086843185,0.475,0.675,angry
186,112.3471467,29955,587.3529412,0.418717167,0.302426034,0.500534412,0.282792598,0.258338102,0.128820645,20.48449678,160.6196168,3.659699248,31.13760219,0.007357493,3.093736937,2.733562231,0.148084551,2526.71932,864.5134213,2596.161198,459.5877759,19.73472978,6.68266967,0.030107077,0.039222233,5413.760288,1667.092493,3.044580624,3.914003618,0.011183302,0.066941802,0.104157957,0.067383206,0.7125,0.825,happy
241,99.38401442,10834,401.2592593,0.594298922,0.261801036,0.393721585,0.329316461,0.216904709,0.190488006,18.67956551,175.603278,6.750512563,34.42030103,0.032126901,2.449507568,1.680667877,0.022068918,2230.092577,890.168308,2611.605775,492.6313626,19.30995986,6.588713425,0.012483185,0.022103108,5052.224505,1888.416734,2.028544511,2.572680391,0.018015206,0.10385666,0.053153072,0.046706803,0.5625,0.525,happy
287,151.9990809,31279,521.3166667,0.412755157,0.295933272,0.43914872,0.285848195,0.241476049,0.158185496,12.64392294,126.0548595,-0.455012195,43.73065014,0.007190714,3.652007348,1.966860414,0.020749664,2456.934679,986.810262,2545.25149,546.1606646,20.86073732,6.658470569,0.025264062,0.03990015,5245.170971,1965.916705,1.995458213,2.982439821,-0.003353,0.083627357,0.093705199,0.072739677,0.6875,0.5,happy
844,135.9991776,43529,649.6865672,0.350514074,0.293725891,0.46798054,0.283655276,0.245307741,0.152175706,15.08231344,86.9697158,4.027022041,30.25508338,0.00539347,2.116754238,3.210821152,0.260941803,2820.4734,674.5135463,2803.218082,381.8303949,20.83271875,7.080082733,0.037601303,0.037954036,6305.577233,1568.249529,3.286827408,4.04988516,-0.013093431,0.075227002,0.118510459,0.041602047,0.75,0.7875,happy
965,92.28515625,132444,1365.402062,0.444519462,0.312210908,0.413061322,0.294157872,0.240163429,0.160171348,14.63972326,181.2981055,1.634026564,41.07789602,0.010348041,4.670237601,1.971052527,0.039603535,2609.616484,1276.279891,2683.538633,655.9364374,20.81230907,6.820066387,0.032340944,0.057082884,5606.432548,2541.178107,1.926208455,2.651438841,0.006342143,0.085246773,0.088284897,0.077729123,0.5375,0.5,happy
338,103.359375,24136,548.5454545,0.428122385,0.265225366,0.592647076,0.229494053,0.273597218,0.092075488,11.80267861,40.52412467,5.859282798,22.55563308,0.026557195,1.638339119,3.498771906,0.037208866,2877.740121,514.5212257,2629.810415,275.624231,19.3399376,6.547179778,0.057472229,0.035953511,5945.860511,1017.782853,4.051263599,4.321179556,-0.011720633,0.050076797,0.155717765,0.040326455,0.7125,0.825,happy
142,198.7680288,37188,502.5405405,0.372364525,0.317443913,0.46294451,0.293501329,0.245324126,0.152149291,14.36540831,150.0494446,2.67886225,33.5514069,0.022392126,3.635221804,2.183569193,0.007143039,2898.848355,1007.581969,2936.101483,430.8711917,21.38978831,6.317356292,0.033125546,0.054348409,6499.088597,1924.352916,2.221392113,2.846904196,0.008423237,0.07425864,0.115414888,0.076691541,0.625,0.6,happy
708,117.4538352,46414,725.21875,0.426324225,0.292636582,0.474556594,0.284929365,0.249497723,0.145204061,16.68954552,120.9878675,4.885385849,36.86777494,0.018125177,3.763910071,2.161048889,0.021718007,2045.703065,1019.277045,2294.170526,507.6872269,20.61356189,7.201717001,0.017429808,0.038211126,4168.437413,2065.891467,2.687490282,3.31260064,0.00476259,0.069934948,0.082116516,0.064194215,0.5875,0.6625,happy
835,112.3471467,52288,768.9411765,0.379670849,0.302164403,0.535132792,0.265433227,0.2657092,0.112835962,17.29536057,90.29242728,3.50170034,25.76645823,0.020898749,2.516276764,3.302917957,0.296328664,2934.589399,846.0510516,2801.447984,279.4629406,20.05770979,6.527005625,0.041630518,0.047360085,6217.44549,1270.211827,3.516333789,4.156570027,-0.013543992,0.06348752,0.13022332,0.076053526,0.6125,0.6625,happy
804,123.046875,43321,666.4769231,0.340356845,0.288664822,0.499125502,0.257623523,0.260702587,0.123965698,12.93919682,56.94449087,1.325077351,24.35592552,0.007311552,1.978960973,2.93462348,0.137411892,2776.716865,740.6207741,2695.76957,382.4597885,20.1797605,6.205557281,0.047741178,0.05421827,5950.006601,1550.895801,3.512340219,3.771711939,0.0030004,0.068534228,0.138316294,0.058216273,0.65,0.675,happy
59,135.9991776,37892,621.1803279,0.445685349,0.301498023,0.430565416,0.28627282,0.242852494,0.156064087,16.7130482,162.4257246,4.217250716,35.09390444,0.023751579,3.212707304,2.06469655,0.041850176,2089.859974,708.3968336,2413.834037,500.4887885,21.15600483,6.991232246,0.011559253,0.024636528,4492.524931,1754.905454,2.634408354,3.14248818,-0.000476449,0.084235593,0.0693323,0.038679682,0.6,0.6,happy
615,129.1992188,46637,685.8382353,0.428318527,0.291511622,0.495217983,0.267372891,0.255829011,0.133734253,19.05381344,118.9846392,6.677155688,25.00620732,0.018654127,2.264738392,2.889692545,0.051815432,2450.800334,591.2946546,2583.648941,326.5408113,18.97762625,6.13767124,0.026560659,0.036417101,5226.1162,1174.965265,3.645707848,4.082193286,-0.003010736,0.061032767,0.102809386,0.055642697,0.675,0.7375,happy
733,151.9990809,38997,573.4852941,0.374015509,0.292691172,0.373129665,0.279206675,0.221758693,0.184814543,15.55287388,67.26930871,6.013334817,42.1657972,0.025500996,3.22292699,2.433077574,0.034039225,1664.386112,759.3283951,2017.446675,643.4544328,21.38774642,6.244819403,0.009734583,0.015957981,3403.844911,1883.95697,3.207099334,3.735959826,0.000292227,0.102304761,0.072337715,0.036931395,0.6,0.5,happy
561,129.1992188,121826,1117.669725,0.424451972,0.281600764,0.557443133,0.251031051,0.271864454,0.097072406,12.22166622,62.56839472,5.013349324,29.86386669,0.009568627,1.841607973,2.689808846,0.065226242,2517.343421,542.3880202,2575.250728,347.0177912,20.1201615,7.078126788,0.030032733,0.031656008,5439.827841,1247.030165,3.306016887,3.742053076,0.004918903,0.056862371,0.117353237,0.03971688,0.8875,0.825,happy
48,123.046875,47777,702.6029412,0.358423456,0.293427734,0.542227704,0.248033653,0.26408641,0.116583453,12.30226926,55.70863517,4.556925972,23.61750211,0.018050894,1.598574207,2.832143545,0.10082943,2629.096209,534.4400873,2606.605284,272.2934368,19.89275891,6.746149812,0.036591526,0.037341312,5626.055891,1049.035599,3.513140061,3.787070452,0.016214857,0.057604978,0.12670487,0.042034322,0.8375,0.725,happy
665,117.4538352,53297,772.4202899,0.349272517,0.298853817,0.468705337,0.264494532,0.251912214,0.14097365,11.73531566,58.82208388,3.211919566,25.01850221,0.011388268,2.493445116,3.094551563,0.16431585,2966.612012,781.8131559,2748.533834,383.2278544,20.13699287,6.660006565,0.046562139,0.055725377,6274.467575,1494.018038,3.37433866,3.859869474,-0.00696161,0.073105228,0.16209051,0.072019908,0.75,0.75,happy
315,95.703125,65763,939.4714286,0.397552228,0.276558467,0.501756401,0.260724154,0.254332142,0.136559492,12.19160087,54.81941514,7.067178625,22.15139269,0.012640567,1.351381737,3.193168163,0.097995996,2810.773182,525.7768548,2562.034269,380.2051932,20.08422934,7.237355026,0.045094918,0.043294299,5727.792302,1150.941764,3.75224578,3.943977782,0.015831246,0.065796129,0.153649008,0.036698599,0.65,0.85,happy
104,123.046875,179102,1367.19084,0.467464787,0.280470086,0.501848373,0.268491995,0.259466416,0.126532653,20.80911298,155.9469629,7.962379495,20.23588115,0.008233016,2.035316626,3.065032005,0.079403654,2935.512785,677.8899139,2885.449042,342.387136,20.21489964,6.14329421,0.041636497,0.040437941,6550.704714,1273.93226,3.46979532,3.673647071,0.006328823,0.072446293,0.114216512,0.054962433,0.825,0.8375,happy
718,112.3471467,95116,1045.230769,0.335428608,0.30128711,0.381691021,0.284891345,0.222985826,0.183332088,20.73789045,114.8958203,6.403604314,38.77765236,0.013489501,2.422384297,1.952608824,0.069007181,1666.764438,883.6839564,2266.164005,594.5787531,22.67507623,6.455130803,0.005992858,0.02517163,3725.662162,2145.55695,2.722786662,3.063414186,-0.034028435,0.097087741,0.052409779,0.041540153,0.5875,0.5125,happy
907,161.4990234,190029,1250.190789,0.442461968,0.297624727,0.381169361,0.306536056,0.222530049,0.183885047,22.07343618,168.1932623,6.330077508,38.05720029,0.010283617,2.936749299,1.996441483,0.191697806,2068.57706,863.5024388,2674.434601,511.3132321,21.41120057,6.902332569,0.008244966,0.018367833,4999.429385,2147.40963,2.475233609,3.051421934,0.032357613,0.10168339,0.043859212,0.041751568,0.5625,0.5,happy
202,107.6660156,32757,629.9423077,0.373827605,0.277533092,0.526455268,0.246048464,0.267264702,0.10910047,20.10157394,84.1535385,6.763113013,26.10959498,0.01964457,1.776815302,3.504103899,0.04071511,2374.026349,543.7078924,2520.09533,293.9806807,19.75102304,6.781883281,0.028480453,0.036901668,5083.466737,1212.950845,4.45226896,4.813415454,0.003862579,0.062971806,0.110709661,0.037276744,0.7625,0.85,happy
932,103.359375,57340,895.9375,0.397112201,0.310830546,0.542492551,0.287558465,0.265038629,0.111287888,17.33610672,139.3005845,3.370994266,41.3216993,-0.001523569,2.717672262,2.290542364,0.077187881,2261.637365,841.2196156,2565.418451,557.2746905,19.58681995,6.351905618,0.04959055,0.168383509,5113.749802,1789.458369,2.721199459,3.450272438,0.006023973,0.061647368,0.076233135,0.05529989,0.6625,0.7,happy
468,89.10290948,62363,944.8939394,0.390986966,0.286187211,0.439517453,0.289123831,0.24202241,0.157348296,17.23104573,105.0231726,3.886444748,36.55757544,0.003359146,2.624606566,2.889833927,0.270070106,2182.653339,677.2694561,2340.339328,577.0579117,20.36791272,6.477954039,0.019786227,0.024028298,4662.560411,1569.969046,3.473915728,4.272974571,0.010617709,0.099387936,0.095602325,0.045630754,0.7875,0.7625,happy
515,89.10290948,98908,1191.662651,0.359140409,0.284507236,0.526330897,0.255985499,0.262511655,0.120087319,16.64116889,103.4186409,4.451281492,27.48970957,-0.000850309,1.866547179,2.691783667,0.035345178,2292.263328,541.4391051,2538.47214,328.0754974,20.45865401,6.068602372,0.021403443,0.019579533,4948.401038,1307.777634,3.511069965,3.839084334,0.010392218,0.063261959,0.097872778,0.036917872,0.7875,0.6125,happy
407,86.1328125,28201,640.9318182,0.44118737,0.307383431,0.462692564,0.300790281,0.241750255,0.157766117,26.70748205,216.0894858,7.849778231,26.76062834,0.024026005,2.063045149,3.203316689,0.040106304,2534.056677,894.1035232,2638.288938,410.1953838,19.219971,6.477945756,0.029570866,0.046383705,5429.612468,1595.574479,3.723890783,4.304795107,-0.014042019,0.08279655,0.098094133,0.0686479,0.5625,0.7875,happy
423,123.046875,39975,644.7580645,0.454753254,0.27268193,0.445301311,0.277390988,0.243227529,0.155478945,20.49266325,114.3319916,8.203330016,26.12575023,0.009496341,1.879512738,3.747733355,0.021692462,2525.730711,461.754083,2535.532474,290.1140403,18.60028885,6.548788501,0.036015563,0.029595982,5383.622893,1088.341674,4.541829957,4.9536657,-0.023946128,0.074316985,0.110617798,0.03265761,0.65,0.8875,happy
740,83.35433468,49630,870.7017544,0.337779503,0.282464388,0.487900801,0.258702574,0.256242937,0.132939425,20.15285482,86.93744733,6.469906773,24.33114942,0.01660274,1.653924587,3.666944027,0.032831039,2683.353273,598.9787358,2644.702544,357.6986718,20.14503396,5.897196321,0.036979474,0.036908105,5737.332324,1265.773958,4.418307916,4.849237966,0.007528468,0.074462032,0.133594127,0.04578073,0.75,0.795454545,happy
379,123.046875,55870,765.3424658,0.446727845,0.275922596,0.494675416,0.275605828,0.264987734,0.114520016,28.62246246,189.6238697,8.649695786,20.82609531,0.023426994,2.528746557,4.787288666,0.035932645,3336.888912,739.4256698,2891.774314,271.5551149,19.487571,6.691666004,0.070903681,0.060403746,6901.641182,1065.786762,4.849155906,5.259807762,0.003736124,0.062429836,0.160746715,0.082491274,0.9125,0.9375,happy
686,103.359375,41663,730.9298246,0.380403777,0.278583307,0.523527711,0.253157314,0.263269701,0.118416207,13.95158089,59.12720178,4.201101835,26.53185336,0.009754274,2.15677238,2.630197287,0.036408611,2304.381723,614.1319621,2517.211701,332.7886799,20.78454539,6.159498757,0.021224987,0.023773003,4941.094974,1361.970314,3.38882301,3.703602044,-0.001905133,0.066276259,0.104536875,0.046667675,0.725,0.6,happy
964,151.9990809,121151,1001.247934,0.43466862,0.296054334,0.432661012,0.292492692,0.240180824,0.160145262,13.26385105,106.6946614,5.684805325,42.99766177,-0.000880891,3.556806903,2.349937677,0.341719896,2257.056468,1084.04509,2385.124465,659.7907507,21.47555423,7.162021606,0.01875913,0.038993962,4869.887392,2140.917834,2.3777989,3.269980608,0.018004757,0.083507963,0.088593538,0.067875601,0.6,0.5375,happy
488,107.6660156,22228,516.9302326,0.391329539,0.283284869,0.480055091,0.279871379,0.24680405,0.149736751,22.48467776,112.1159355,7.13538137,33.55833266,0.018882817,1.76058341,3.401306868,0.116010129,2106.332845,693.0234028,2179.551527,553.9985311,20.28107664,6.68863081,0.019049773,0.020681627,4399.575342,1476.823564,4.280164771,4.850823067,-0.006222398,0.083127792,0.094230318,0.04001663,0.6,0.6625,happy
717,86.1328125,27289,634.627907,0.416964758,0.303013745,0.486372391,0.28135347,0.256150985,0.133116513,14.68001562,113.3779129,4.572560418,34.29693962,0.018071907,3.257716621,2.292114496,0.067819081,2473.588394,941.2872883,2612.469425,467.938748,20.44749891,6.736982388,0.025054296,0.042944524,5563.578942,1838.944717,2.679783261,3.180550457,0.002785495,0.07327731,0.096842802,0.068053064,0.6875,0.5375,happy
382,129.1992188,48166,698.057971,0.449562754,0.273944139,0.49740015,0.258162931,0.255218005,0.134896639,15.61738359,86.1471002,7.069285095,24.3358736,0.020271212,2.170876364,3.113101244,0.083165839,2947.780183,745.3338304,2862.483137,288.9687264,19.02547738,7.050711693,0.047673728,0.048101138,6456.225895,1201.912198,3.488775455,3.78726038,0.010576552,0.062484418,0.128331217,0.064026532,0.863636364,0.886363636,happy
751,151.9990809,197580,1274.709677,0.439132895,0.320997958,0.382342388,0.302288511,0.226132498,0.179436414,9.647190347,95.61925449,0.742276477,40.52804006,0.004565428,3.995124379,1.557724118,0.047879521,3263.084006,1427.140376,2901.109693,456.0074196,21.52273038,7.290968793,0.030201433,0.040525541,6639.39597,1896.786233,1.433525155,1.973632838,0.002598059,0.11722634,0.125899714,0.128701625,0.525,0.5875,happy
588,107.6660156,50306,798.5079365,0.391608024,0.306306801,0.361168766,0.30075119,0.219268981,0.187761677,23.08791799,155.4455979,6.603477724,37.24945909,-0.002163721,4.111813868,2.730192661,0.027397178,2284.285572,1086.596734,2586.671035,501.0536578,20.5666921,6.317507509,0.023347123,0.042735606,4905.477595,2169.122605,2.987206067,3.62460805,0.027785309,0.101161185,0.071827886,0.056519412,0.775,0.7,happy
636,135.9991776,13634,358.7894737,0.428673565,0.287725125,0.502808991,0.280435431,0.257257073,0.130966148,16.20886549,90.33693307,5.594178623,28.62277152,0.040874101,2.408739048,3.163152695,0.074154615,2488.495007,686.7014281,2454.591022,426.0104465,19.89256914,6.792864862,0.033768408,0.037341326,5143.237837,1470.74957,3.79605817,4.281543828,-0.000767639,0.059225965,0.116168363,0.054258501,0.75,0.7625,happy
150,112.3471467,74285,917.0987654,0.408471418,0.292272886,0.524764527,0.267323581,0.264471627,0.115706922,7.955210367,42.03433737,4.88773059,27.75606909,0.015949539,1.974114174,2.00471282,0.062909506,2370.30751,451.2125293,2529.518292,322.3814608,19.95210804,6.3277331,0.02397776,0.031485688,5200.796728,1085.425708,2.488626389,2.793852894,-0.013377456,0.063307536,0.10057883,0.035249907,0.725,0.7375,happy
646,92.28515625,21080,540.5128205,0.346224266,0.292870432,0.562072052,0.248501204,0.271246961,0.098784714,15.90235756,75.38199142,6.089649497,26.0648005,0.023057447,1.883025758,3.068769455,0.022193938,2456.229902,515.3569574,2518.25722,378.1308503,19.98727385,6.54887793,0.028529158,0.038909014,5132.693112,1310.664349,3.891335466,4.163935176,-0.000586238,0.058735245,0.116580606,0.034231058,0.7875,0.8625,happy
331,143.5546875,41358,617.2835821,0.43300436,0.285315519,0.485177933,0.265114754,0.257699427,0.130093577,25.50982537,129.9727634,8.515629191,24.56824747,0.024039675,2.146861965,4.29634428,0.118510373,2919.426488,457.3297302,2688.157243,269.8484348,19.30596628,6.084643043,0.044598352,0.03472621,6045.804555,953.6999892,4.839823163,5.465149736,0.018213169,0.063171328,0.141761178,0.042383417,0.8,0.85,happy
304,129.1992188,101378,1013.78,0.406607612,0.287476291,0.624494428,0.220329387,0.277173358,0.080673806,18.82629352,93.45986401,8.499131267,22.68367605,0.013533783,1.744588548,3.668402195,0.049393635,2553.873878,358.7444474,2476.558181,246.4478875,18.37550504,6.550538526,0.037207752,0.031700231,5178.12651,869.3892392,4.655704019,4.853814927,0.001908789,0.039572753,0.126302241,0.028392042,0.7375,0.9,happy
457,117.4538352,48174,719.0149254,0.368839292,0.310676073,0.523651445,0.260286875,0.264691124,0.115203916,14.60453243,127.6902297,2.133224611,34.09591724,0.014890607,3.401664294,2.680518389,0.052300856,2701.793523,1171.957011,2682.166617,696.339018,20.97618466,6.399365302,0.031875111,0.051992264,5739.604789,2414.904296,2.730006799,3.440369516,0.001241409,0.062929706,0.124361837,0.072465109,0.7875,0.6625,happy
622,83.35433468,16784,508.6060606,0.400191963,0.299095734,0.480117577,0.286743715,0.25242236,0.140058151,15.20512854,85.87867981,6.469686472,24.64571528,0.019187319,2.581677604,3.10399127,0.02796462,2803.893534,758.511326,2762.2295,365.8805769,20.58203326,6.938082507,0.035525445,0.037538938,6109.502569,1517.763553,3.376046745,3.811638042,-0.006862626,0.077031484,0.127737362,0.059517606,0.675,0.8125,happy
217,117.4538352,30180,591.7647059,0.376603552,0.290168457,0.559064623,0.248442412,0.266072097,0.111977554,20.63735849,98.49191483,6.77915315,29.1250575,0.025369142,1.784368071,2.948997498,0.028558807,2135.637308,510.5107966,2498.908828,258.0448443,20.04913209,7.007682041,0.018236689,0.032444574,4846.671179,1066.064837,3.900904489,4.247055892,-0.003805023,0.061911314,0.079451113,0.028453027,0.575,0.6125,happy
862,89.10290948,69753,1010.913043,0.452883186,0.289917218,0.601779431,0.240171027,0.276017085,0.084545268,13.15429142,78.63212889,2.709720145,43.67885274,0.001322374,1.954935193,2.927870512,0.154787838,2802.408609,774.302019,2648.082445,433.6300257,18.99701811,7.33849506,0.06014397,0.126201347,5932.375105,1364.768417,3.205864691,4.100247285,-0.007574541,0.047301648,0.14112707,0.070352759,0.85,0.8875,happy
628,143.5546875,41501,610.3088235,0.398309887,0.280601161,0.495431873,0.262370096,0.260429032,0.124539361,15.12173847,85.27363494,4.698666026,24.46322821,0.026113351,1.958642326,2.923699141,0.060109142,2535.913373,474.7617741,2500.311301,297.3633938,20.4048272,6.368815091,0.028687788,0.044563167,5229.756316,1053.046872,3.657778623,3.950421517,-0.008198436,0.067304359,0.118138712,0.037900078,0.625,0.6125,happy
140,92.28515625,235998,1815.369231,0.422111174,0.287230349,0.527837991,0.271393957,0.262347488,0.120445544,22.0110927,139.5784379,6.002737139,28.52165328,0.008060275,2.763603907,2.800618649,0.203452155,2338.518545,911.2231794,2609.688081,462.3825298,20.83763716,6.673634966,0.021771831,0.040221497,5261.190114,1854.025978,3.466211466,3.867942567,0.005379631,0.065741627,0.090667908,0.059273679,0.65,0.5625,happy
638,107.6660156,12823,388.5757576,0.382355447,0.277382788,0.495442048,0.259354065,0.263470634,0.117968464,10.36491838,38.8825463,-2.679859875,21.10633627,0.013734884,2.273816421,3.662781239,0.003828168,3664.339048,633.3208239,3027.257561,265.5372476,20.11986692,6.185107036,0.097095236,0.062303744,7585.746172,1040.822569,3.359507137,3.761518557,0.009796198,0.073156026,0.205650265,0.061121109,0.775,0.775,happy
308,172.265625,32845,497.6515152,0.392913465,0.29044198,0.547852401,0.242732907,0.268178178,0.106835379,10.69977661,45.38753298,3.922913269,23.8568642,0.031499297,2.441197046,3.2319839,0.005437737,3017.476269,908.9746148,2644.753531,385.26046,19.38224239,6.037048692,0.069115236,0.065478675,5994.461307,1614.631326,3.508350815,3.960285333,0.003185097,0.06063511,0.17829948,0.094892123,0.85,0.8125,happy
653,95.703125,58651,888.6515152,0.452624553,0.282283679,0.449937236,0.281247155,0.250256371,0.143892605,10.20592524,84.66567954,3.654306004,40.65116549,-0.002636528,2.819336966,2.342152596,0.320267618,2767.215555,605.3696324,2890.808932,384.6269357,19.13607718,6.33948266,0.040641982,0.07418409,6423.324979,1308.899085,2.335831854,3.143611943,-0.002408137,0.071134607,0.107602053,0.043611427,0.6625,0.575,happy
153,143.5546875,73768,828.8539326,0.405770728,0.279862163,0.514467054,0.252407719,0.260413719,0.124571378,15.43437559,65.82791445,4.702964727,24.57398749,0.016291235,1.911132555,3.083465576,0.045034982,2453.008436,550.1831938,2430.670628,289.8920958,20.50914,6.352491767,0.028215094,0.037104081,4936.944765,1165.199046,3.909343423,4.168919949,-0.005597613,0.068493453,0.118248009,0.041000357,0.65,0.675,happy
890,143.5546875,44977,633.4788732,0.467228889,0.282576897,0.421961586,0.295311172,0.23741358,0.164219747,12.65635698,108.2070726,5.133922237,21.72130898,0.012298754,1.999560213,2.631733656,0.062806338,3072.510638,574.0200064,2767.707101,230.4747707,19.57183261,6.532615683,0.051815376,0.053416945,6437.886908,933.426451,2.888861515,3.250706129,0.034190205,0.08851249,0.133729442,0.067851888,0.7875,0.7875,happy
539,107.6660156,155229,1361.657895,0.418251331,0.30067701,0.500799719,0.28592963,0.257365507,0.130752932,16.76071276,177.8964838,4.234055268,30.09635419,-0.001529151,2.8999345,2.367090225,0.111174859,2612.510674,891.2737977,2799.705014,372.2247793,20.44254982,7.068458284,0.034323297,0.053722981,5961.28492,1843.494311,2.716103032,3.158256124,0.003611651,0.066067814,0.105867899,0.070052676,0.65,0.6125,happy
318,92.28515625,34746,723.875,0.486661638,0.283264722,0.416089842,0.303144732,0.23637256,0.165714653,24.49994793,193.3196301,6.196930084,23.42637469,0.021966703,1.978135288,2.97342515,0.045440007,2794.366722,452.2658169,2860.557914,260.741179,19.73698048,6.382043412,0.025508184,0.031693477,6249.02174,1009.593436,3.477862691,3.883292685,0.029714704,0.088500628,0.081428442,0.039817087,0.825,0.725,happy
